cluster_index,projecting,region,Effect_Size,p-value
1,1,PFC,0.9385994553358568,7.412085793934937e-05
1,0,ORB,0.9385994553358568,7.412085793934937e-05
1,0,MO,0.9385994553358568,7.412085793934937e-05
1,0,SS,0.9385994553358568,7.412085793934937e-05
1,0,ACA,0.9385994553358568,7.412085793934937e-05
1,0,PTL,0.9385994553358568,7.412085793934937e-05
1,0,VIS,0.9385994553358568,7.412085793934937e-05
1,0,RSC,0.9385994553358568,7.412085793934937e-05
2,0,PFC,2.8988532765431003,2.6735549230650102e-92
2,1,ORB,2.8988532765431003,2.6735549230650102e-92
2,0,MO,2.8988532765431003,2.6735549230650102e-92
2,0,SS,2.8988532765431003,2.6735549230650102e-92
2,0,ACA,2.8988532765431003,2.6735549230650102e-92
2,0,PTL,2.8988532765431003,2.6735549230650102e-92
2,0,VIS,2.8988532765431003,2.6735549230650102e-92
2,0,RSC,2.8988532765431003,2.6735549230650102e-92
3,0,PFC,-1.5849625007211563,0.00011644557735418094
3,0,ORB,-1.5849625007211563,0.00011644557735418094
3,1,MO,-1.5849625007211563,0.00011644557735418094
3,0,SS,-1.5849625007211563,0.00011644557735418094
3,0,ACA,-1.5849625007211563,0.00011644557735418094
3,0,PTL,-1.5849625007211563,0.00011644557735418094
3,0,VIS,-1.5849625007211563,0.00011644557735418094
3,0,RSC,-1.5849625007211563,0.00011644557735418094
4,0,PFC,1.2976805486406853,1.6770352498748215e-09
4,0,ORB,1.2976805486406853,1.6770352498748215e-09
4,0,MO,1.2976805486406853,1.6770352498748215e-09
4,1,SS,1.2976805486406853,1.6770352498748215e-09
4,0,ACA,1.2976805486406853,1.6770352498748215e-09
4,0,PTL,1.2976805486406853,1.6770352498748215e-09
4,0,VIS,1.2976805486406853,1.6770352498748215e-09
4,0,RSC,1.2976805486406853,1.6770352498748215e-09
5,0,PFC,-3.584962500721156,2.8604164329778977e-09
5,0,ORB,-3.584962500721156,2.8604164329778977e-09
5,0,MO,-3.584962500721156,2.8604164329778977e-09
5,0,SS,-3.584962500721156,2.8604164329778977e-09
5,1,ACA,-3.584962500721156,2.8604164329778977e-09
5,0,PTL,-3.584962500721156,2.8604164329778977e-09
5,0,VIS,-3.584962500721156,2.8604164329778977e-09
5,0,RSC,-3.584962500721156,2.8604164329778977e-09
6,0,PFC,-3.0,2.527645013690653e-08
6,0,ORB,-3.0,2.527645013690653e-08
6,0,MO,-3.0,2.527645013690653e-08
6,0,SS,-3.0,2.527645013690653e-08
6,0,ACA,-3.0,2.527645013690653e-08
6,1,PTL,-3.0,2.527645013690653e-08
6,0,VIS,-3.0,2.527645013690653e-08
6,0,RSC,-3.0,2.527645013690653e-08
7,0,PFC,2.727920454563199,5.764359262209033e-75
7,0,ORB,2.727920454563199,5.764359262209033e-75
7,0,MO,2.727920454563199,5.764359262209033e-75
7,0,SS,2.727920454563199,5.764359262209033e-75
7,0,ACA,2.727920454563199,5.764359262209033e-75
7,0,PTL,2.727920454563199,5.764359262209033e-75
7,1,VIS,2.727920454563199,5.764359262209033e-75
7,0,RSC,2.727920454563199,5.764359262209033e-75
8,0,PFC,1.3219280948873624,6.906023505044537e-10
8,0,ORB,1.3219280948873624,6.906023505044537e-10
8,0,MO,1.3219280948873624,6.906023505044537e-10
8,0,SS,1.3219280948873624,6.906023505044537e-10
8,0,ACA,1.3219280948873624,6.906023505044537e-10
8,0,PTL,1.3219280948873624,6.906023505044537e-10
8,0,VIS,1.3219280948873624,6.906023505044537e-10
8,1,RSC,1.3219280948873624,6.906023505044537e-10
9,1,PFC,3.6173839784135335,3.8505466337889643e-193
9,1,ORB,3.6173839784135335,3.8505466337889643e-193
9,0,MO,3.6173839784135335,3.8505466337889643e-193
9,0,SS,3.6173839784135335,3.8505466337889643e-193
9,0,ACA,3.6173839784135335,3.8505466337889643e-193
9,0,PTL,3.6173839784135335,3.8505466337889643e-193
9,0,VIS,3.6173839784135335,3.8505466337889643e-193
9,0,RSC,3.6173839784135335,3.8505466337889643e-193
10,1,PFC,-0.758991900496205,0.039015468788818966
10,0,ORB,-0.758991900496205,0.039015468788818966
10,1,MO,-0.758991900496205,0.039015468788818966
10,0,SS,-0.758991900496205,0.039015468788818966
10,0,ACA,-0.758991900496205,0.039015468788818966
10,0,PTL,-0.758991900496205,0.039015468788818966
10,0,VIS,-0.758991900496205,0.039015468788818966
10,0,RSC,-0.758991900496205,0.039015468788818966
11,1,PFC,-0.21150410519371174,0.5167001383080684
11,0,ORB,-0.21150410519371174,0.5167001383080684
11,0,MO,-0.21150410519371174,0.5167001383080684
11,1,SS,-0.21150410519371174,0.5167001383080684
11,0,ACA,-0.21150410519371174,0.5167001383080684
11,0,PTL,-0.21150410519371174,0.5167001383080684
11,0,VIS,-0.21150410519371174,0.5167001383080684
11,0,RSC,-0.21150410519371174,0.5167001383080684
12,1,PFC,-0.13750352374993496,0.7445854293654743
12,0,ORB,-0.13750352374993496,0.7445854293654743
12,0,MO,-0.13750352374993496,0.7445854293654743
12,0,SS,-0.13750352374993496,0.7445854293654743
12,1,ACA,-0.13750352374993496,0.7445854293654743
12,0,PTL,-0.13750352374993496,0.7445854293654743
12,0,VIS,-0.13750352374993496,0.7445854293654743
12,0,RSC,-0.13750352374993496,0.7445854293654743
13,1,PFC,-0.21150410519371174,0.5167001383080684
13,0,ORB,-0.21150410519371174,0.5167001383080684
13,0,MO,-0.21150410519371174,0.5167001383080684
13,0,SS,-0.21150410519371174,0.5167001383080684
13,0,ACA,-0.21150410519371174,0.5167001383080684
13,0,PTL,-0.21150410519371174,0.5167001383080684
13,1,VIS,-0.21150410519371174,0.5167001383080684
13,0,RSC,-0.21150410519371174,0.5167001383080684
14,1,PFC,-2.8744691179161412,2.1009930230563042e-07
14,0,ORB,-2.8744691179161412,2.1009930230563042e-07
14,0,MO,-2.8744691179161412,2.1009930230563042e-07
14,0,SS,-2.8744691179161412,2.1009930230563042e-07
14,0,ACA,-2.8744691179161412,2.1009930230563042e-07
14,0,PTL,-2.8744691179161412,2.1009930230563042e-07
14,0,VIS,-2.8744691179161412,2.1009930230563042e-07
14,1,RSC,-2.8744691179161412,2.1009930230563042e-07
15,0,PFC,-0.758991900496205,0.039015468788818966
15,1,ORB,-0.758991900496205,0.039015468788818966
15,1,MO,-0.758991900496205,0.039015468788818966
15,0,SS,-0.758991900496205,0.039015468788818966
15,0,ACA,-0.758991900496205,0.039015468788818966
15,0,PTL,-0.758991900496205,0.039015468788818966
15,0,VIS,-0.758991900496205,0.039015468788818966
15,0,RSC,-0.758991900496205,0.039015468788818966
16,0,PFC,1.3734583955274444,3.541372236201546e-10
16,1,ORB,1.3734583955274444,3.541372236201546e-10
16,0,MO,1.3734583955274444,3.541372236201546e-10
16,1,SS,1.3734583955274444,3.541372236201546e-10
16,0,ACA,1.3734583955274444,3.541372236201546e-10
16,0,PTL,1.3734583955274444,3.541372236201546e-10
16,0,VIS,1.3734583955274444,3.541372236201546e-10
16,0,RSC,1.3734583955274444,3.541372236201546e-10
17,0,PFC,-0.758991900496205,0.039015468788818966
17,1,ORB,-0.758991900496205,0.039015468788818966
17,0,MO,-0.758991900496205,0.039015468788818966
17,0,SS,-0.758991900496205,0.039015468788818966
17,1,ACA,-0.758991900496205,0.039015468788818966
17,0,PTL,-0.758991900496205,0.039015468788818966
17,0,VIS,-0.758991900496205,0.039015468788818966
17,0,RSC,-0.758991900496205,0.039015468788818966
18,0,PFC,1.4232114307245438,4.7657974103683484e-11
18,1,ORB,1.4232114307245438,4.7657974103683484e-11
18,0,MO,1.4232114307245438,4.7657974103683484e-11
18,0,SS,1.4232114307245438,4.7657974103683484e-11
18,0,ACA,1.4232114307245438,4.7657974103683484e-11
18,0,PTL,1.4232114307245438,4.7657974103683484e-11
18,1,VIS,1.4232114307245438,4.7657974103683484e-11
18,0,RSC,1.4232114307245438,4.7657974103683484e-11
19,0,PFC,-2.4594316186372973,2.068078618145627e-06
19,1,ORB,-2.4594316186372973,2.068078618145627e-06
19,0,MO,-2.4594316186372973,2.068078618145627e-06
19,0,SS,-2.4594316186372973,2.068078618145627e-06
19,0,ACA,-2.4594316186372973,2.068078618145627e-06
19,0,PTL,-2.4594316186372973,2.068078618145627e-06
19,0,VIS,-2.4594316186372973,2.068078618145627e-06
19,1,RSC,-2.4594316186372973,2.068078618145627e-06
20,0,PFC,0.12553088208385882,0.6658312129519972
20,0,ORB,0.12553088208385882,0.6658312129519972
20,1,MO,0.12553088208385882,0.6658312129519972
20,1,SS,0.12553088208385882,0.6658312129519972
20,0,ACA,0.12553088208385882,0.6658312129519972
20,0,PTL,0.12553088208385882,0.6658312129519972
20,0,VIS,0.12553088208385882,0.6658312129519972
20,0,RSC,0.12553088208385882,0.6658312129519972
21,0,PFC,-2.137503523749935,1.0812556584162696e-05
21,0,ORB,-2.137503523749935,1.0812556584162696e-05
21,1,MO,-2.137503523749935,1.0812556584162696e-05
21,0,SS,-2.137503523749935,1.0812556584162696e-05
21,1,ACA,-2.137503523749935,1.0812556584162696e-05
21,0,PTL,-2.137503523749935,1.0812556584162696e-05
21,0,VIS,-2.137503523749935,1.0812556584162696e-05
21,0,RSC,-2.137503523749935,1.0812556584162696e-05
22,0,PFC,-1.4594316186372973,0.000493533344226294
22,0,ORB,-1.4594316186372973,0.000493533344226294
22,1,MO,-1.4594316186372973,0.000493533344226294
22,0,SS,-1.4594316186372973,0.000493533344226294
22,0,ACA,-1.4594316186372973,0.000493533344226294
22,0,PTL,-1.4594316186372973,0.000493533344226294
22,1,VIS,-1.4594316186372973,0.000493533344226294
22,0,RSC,-1.4594316186372973,0.000493533344226294
23,0,PFC,-2.8744691179161412,2.1009930230563042e-07
23,0,ORB,-2.8744691179161412,2.1009930230563042e-07
23,0,MO,-2.8744691179161412,2.1009930230563042e-07
23,1,SS,-2.8744691179161412,2.1009930230563042e-07
23,1,ACA,-2.8744691179161412,2.1009930230563042e-07
23,0,PTL,-2.8744691179161412,2.1009930230563042e-07
23,0,VIS,-2.8744691179161412,2.1009930230563042e-07
23,0,RSC,-2.8744691179161412,2.1009930230563042e-07
24,0,PFC,-0.5525410230287788,0.12804611837229374
24,0,ORB,-0.5525410230287788,0.12804611837229374
24,0,MO,-0.5525410230287788,0.12804611837229374
24,1,SS,-0.5525410230287788,0.12804611837229374
24,0,ACA,-0.5525410230287788,0.12804611837229374
24,1,PTL,-0.5525410230287788,0.12804611837229374
24,0,VIS,-0.5525410230287788,0.12804611837229374
24,0,RSC,-0.5525410230287788,0.12804611837229374
25,0,PFC,2.169925001442312,1.0969484631975693e-33
25,0,ORB,2.169925001442312,1.0969484631975693e-33
25,0,MO,2.169925001442312,1.0969484631975693e-33
25,1,SS,2.169925001442312,1.0969484631975693e-33
25,0,ACA,2.169925001442312,1.0969484631975693e-33
25,0,PTL,2.169925001442312,1.0969484631975693e-33
25,1,VIS,2.169925001442312,1.0969484631975693e-33
25,0,RSC,2.169925001442312,1.0969484631975693e-33
26,0,PFC,-2.137503523749935,1.0812556584162696e-05
26,0,ORB,-2.137503523749935,1.0812556584162696e-05
26,0,MO,-2.137503523749935,1.0812556584162696e-05
26,1,SS,-2.137503523749935,1.0812556584162696e-05
26,0,ACA,-2.137503523749935,1.0812556584162696e-05
26,0,PTL,-2.137503523749935,1.0812556584162696e-05
26,0,VIS,-2.137503523749935,1.0812556584162696e-05
26,1,RSC,-2.137503523749935,1.0812556584162696e-05
27,0,PFC,-2.4594316186372973,2.068078618145627e-06
27,0,ORB,-2.4594316186372973,2.068078618145627e-06
27,0,MO,-2.4594316186372973,2.068078618145627e-06
27,0,SS,-2.4594316186372973,2.068078618145627e-06
27,1,ACA,-2.4594316186372973,2.068078618145627e-06
27,0,PTL,-2.4594316186372973,2.068078618145627e-06
27,1,VIS,-2.4594316186372973,2.068078618145627e-06
27,0,RSC,-2.4594316186372973,2.068078618145627e-06
28,0,PFC,-2.4594316186372973,2.068078618145627e-06
28,0,ORB,-2.4594316186372973,2.068078618145627e-06
28,0,MO,-2.4594316186372973,2.068078618145627e-06
28,0,SS,-2.4594316186372973,2.068078618145627e-06
28,1,ACA,-2.4594316186372973,2.068078618145627e-06
28,0,PTL,-2.4594316186372973,2.068078618145627e-06
28,0,VIS,-2.4594316186372973,2.068078618145627e-06
28,1,RSC,-2.4594316186372973,2.068078618145627e-06
29,0,PFC,1.5405683813627027,2.365154748681209e-13
29,0,ORB,1.5405683813627027,2.365154748681209e-13
29,0,MO,1.5405683813627027,2.365154748681209e-13
29,0,SS,1.5405683813627027,2.365154748681209e-13
29,0,ACA,1.5405683813627027,2.365154748681209e-13
29,1,PTL,1.5405683813627027,2.365154748681209e-13
29,1,VIS,1.5405683813627027,2.365154748681209e-13
29,0,RSC,1.5405683813627027,2.365154748681209e-13
30,0,PFC,-2.4594316186372973,2.068078618145627e-06
30,0,ORB,-2.4594316186372973,2.068078618145627e-06
30,0,MO,-2.4594316186372973,2.068078618145627e-06
30,0,SS,-2.4594316186372973,2.068078618145627e-06
30,0,ACA,-2.4594316186372973,2.068078618145627e-06
30,1,PTL,-2.4594316186372973,2.068078618145627e-06
30,0,VIS,-2.4594316186372973,2.068078618145627e-06
30,1,RSC,-2.4594316186372973,2.068078618145627e-06
31,0,PFC,2.825970600224951,4.2174376230255845e-78
31,0,ORB,2.825970600224951,4.2174376230255845e-78
31,0,MO,2.825970600224951,4.2174376230255845e-78
31,0,SS,2.825970600224951,4.2174376230255845e-78
31,0,ACA,2.825970600224951,4.2174376230255845e-78
31,0,PTL,2.825970600224951,4.2174376230255845e-78
31,1,VIS,2.825970600224951,4.2174376230255845e-78
31,1,RSC,2.825970600224951,4.2174376230255845e-78
32,1,PFC,2.232660756790275,1.7313166480639797e-33
32,1,ORB,2.232660756790275,1.7313166480639797e-33
32,1,MO,2.232660756790275,1.7313166480639797e-33
32,0,SS,2.232660756790275,1.7313166480639797e-33
32,0,ACA,2.232660756790275,1.7313166480639797e-33
32,0,PTL,2.232660756790275,1.7313166480639797e-33
32,0,VIS,2.232660756790275,1.7313166480639797e-33
32,0,RSC,2.232660756790275,1.7313166480639797e-33
33,1,PFC,0.963474123974886,0.00015033004206808394
33,1,ORB,0.963474123974886,0.00015033004206808394
33,0,MO,0.963474123974886,0.00015033004206808394
33,1,SS,0.963474123974886,0.00015033004206808394
33,0,ACA,0.963474123974886,0.00015033004206808394
33,0,PTL,0.963474123974886,0.00015033004206808394
33,0,VIS,0.963474123974886,0.00015033004206808394
33,0,RSC,0.963474123974886,0.00015033004206808394
34,1,PFC,1.6553518286125541,1.1547201141191028e-14
34,1,ORB,1.6553518286125541,1.1547201141191028e-14
34,0,MO,1.6553518286125541,1.1547201141191028e-14
34,0,SS,1.6553518286125541,1.1547201141191028e-14
34,1,ACA,1.6553518286125541,1.1547201141191028e-14
34,0,PTL,1.6553518286125541,1.1547201141191028e-14
34,0,VIS,1.6553518286125541,1.1547201141191028e-14
34,0,RSC,1.6553518286125541,1.1547201141191028e-14
35,1,PFC,1.5360529002402097,3.4767384414089275e-12
35,1,ORB,1.5360529002402097,3.4767384414089275e-12
35,0,MO,1.5360529002402097,3.4767384414089275e-12
35,0,SS,1.5360529002402097,3.4767384414089275e-12
35,0,ACA,1.5360529002402097,3.4767384414089275e-12
35,0,PTL,1.5360529002402097,3.4767384414089275e-12
35,1,VIS,1.5360529002402097,3.4767384414089275e-12
35,0,RSC,1.5360529002402097,3.4767384414089275e-12
36,1,PFC,-1.5145731728297582,0.0008554776324118561
36,1,ORB,-1.5145731728297582,0.0008554776324118561
36,0,MO,-1.5145731728297582,0.0008554776324118561
36,0,SS,-1.5145731728297582,0.0008554776324118561
36,0,ACA,-1.5145731728297582,0.0008554776324118561
36,0,PTL,-1.5145731728297582,0.0008554776324118561
36,0,VIS,-1.5145731728297582,0.0008554776324118561
36,1,RSC,-1.5145731728297582,0.0008554776324118561
37,1,PFC,-1.0,0.012224607655131111
37,0,ORB,-1.0,0.012224607655131111
37,1,MO,-1.0,0.012224607655131111
37,1,SS,-1.0,0.012224607655131111
37,0,ACA,-1.0,0.012224607655131111
37,0,PTL,-1.0,0.012224607655131111
37,0,VIS,-1.0,0.012224607655131111
37,0,RSC,-1.0,0.012224607655131111
38,1,PFC,-0.6214883767462701,0.1097946145919029
38,0,ORB,-0.6214883767462701,0.1097946145919029
38,1,MO,-0.6214883767462701,0.1097946145919029
38,0,SS,-0.6214883767462701,0.1097946145919029
38,1,ACA,-0.6214883767462701,0.1097946145919029
38,0,PTL,-0.6214883767462701,0.1097946145919029
38,0,VIS,-0.6214883767462701,0.1097946145919029
38,0,RSC,-0.6214883767462701,0.1097946145919029
39,1,PFC,-1.15200309344505,0.0060013744347162425
39,0,ORB,-1.15200309344505,0.0060013744347162425
39,1,MO,-1.15200309344505,0.0060013744347162425
39,0,SS,-1.15200309344505,0.0060013744347162425
39,0,ACA,-1.15200309344505,0.0060013744347162425
39,0,PTL,-1.15200309344505,0.0060013744347162425
39,1,VIS,-1.15200309344505,0.0060013744347162425
39,0,RSC,-1.15200309344505,0.0060013744347162425
40,1,PFC,-3.321928094887362,1.5195076416081302e-07
40,0,ORB,-3.321928094887362,1.5195076416081302e-07
40,0,MO,-3.321928094887362,1.5195076416081302e-07
40,1,SS,-3.321928094887362,1.5195076416081302e-07
40,1,ACA,-3.321928094887362,1.5195076416081302e-07
40,0,PTL,-3.321928094887362,1.5195076416081302e-07
40,0,VIS,-3.321928094887362,1.5195076416081302e-07
40,0,RSC,-3.321928094887362,1.5195076416081302e-07
41,1,PFC,-2.736965594166206,1.2026239729890036e-06
41,0,ORB,-2.736965594166206,1.2026239729890036e-06
41,0,MO,-2.736965594166206,1.2026239729890036e-06
41,1,SS,-2.736965594166206,1.2026239729890036e-06
41,0,ACA,-2.736965594166206,1.2026239729890036e-06
41,1,PTL,-2.736965594166206,1.2026239729890036e-06
41,0,VIS,-2.736965594166206,1.2026239729890036e-06
41,0,RSC,-2.736965594166206,1.2026239729890036e-06
42,1,PFC,-0.3219280948873623,0.36323486573728203
42,0,ORB,-0.3219280948873623,0.36323486573728203
42,0,MO,-0.3219280948873623,0.36323486573728203
42,1,SS,-0.3219280948873623,0.36323486573728203
42,0,ACA,-0.3219280948873623,0.36323486573728203
42,0,PTL,-0.3219280948873623,0.36323486573728203
42,1,VIS,-0.3219280948873623,0.36323486573728203
42,0,RSC,-0.3219280948873623,0.36323486573728203
43,1,PFC,-1.0,0.012224607655131111
43,0,ORB,-1.0,0.012224607655131111
43,0,MO,-1.0,0.012224607655131111
43,0,SS,-1.0,0.012224607655131111
43,1,ACA,-1.0,0.012224607655131111
43,0,PTL,-1.0,0.012224607655131111
43,1,VIS,-1.0,0.012224607655131111
43,0,RSC,-1.0,0.012224607655131111
44,1,PFC,-2.0,5.4152910397594726e-05
44,0,ORB,-2.0,5.4152910397594726e-05
44,0,MO,-2.0,5.4152910397594726e-05
44,0,SS,-2.0,5.4152910397594726e-05
44,0,ACA,-2.0,5.4152910397594726e-05
44,1,PTL,-2.0,5.4152910397594726e-05
44,1,VIS,-2.0,5.4152910397594726e-05
44,0,RSC,-2.0,5.4152910397594726e-05
45,1,PFC,-2.0,5.4152910397594726e-05
45,0,ORB,-2.0,5.4152910397594726e-05
45,0,MO,-2.0,5.4152910397594726e-05
45,0,SS,-2.0,5.4152910397594726e-05
45,0,ACA,-2.0,5.4152910397594726e-05
45,0,PTL,-2.0,5.4152910397594726e-05
45,1,VIS,-2.0,5.4152910397594726e-05
45,1,RSC,-2.0,5.4152910397594726e-05
46,0,PFC,0.43295940727610627,0.1387438805134805
46,1,ORB,0.43295940727610627,0.1387438805134805
46,1,MO,0.43295940727610627,0.1387438805134805
46,1,SS,0.43295940727610627,0.1387438805134805
46,0,ACA,0.43295940727610627,0.1387438805134805
46,0,PTL,0.43295940727610627,0.1387438805134805
46,0,VIS,0.43295940727610627,0.1387438805134805
46,0,RSC,0.43295940727610627,0.1387438805134805
47,0,PFC,-2.321928094887362,1.0947970474347087e-05
47,1,ORB,-2.321928094887362,1.0947970474347087e-05
47,1,MO,-2.321928094887362,1.0947970474347087e-05
47,0,SS,-2.321928094887362,1.0947970474347087e-05
47,1,ACA,-2.321928094887362,1.0947970474347087e-05
47,0,PTL,-2.321928094887362,1.0947970474347087e-05
47,0,VIS,-2.321928094887362,1.0947970474347087e-05
47,0,RSC,-2.321928094887362,1.0947970474347087e-05
48,0,PFC,-1.3219280948873622,0.0020249026100731316
48,1,ORB,-1.3219280948873622,0.0020249026100731316
48,1,MO,-1.3219280948873622,0.0020249026100731316
48,0,SS,-1.3219280948873622,0.0020249026100731316
48,0,ACA,-1.3219280948873622,0.0020249026100731316
48,0,PTL,-1.3219280948873622,0.0020249026100731316
48,1,VIS,-1.3219280948873622,0.0020249026100731316
48,0,RSC,-1.3219280948873622,0.0020249026100731316
49,0,PFC,-3.321928094887362,1.5195076416081302e-07
49,1,ORB,-3.321928094887362,1.5195076416081302e-07
49,1,MO,-3.321928094887362,1.5195076416081302e-07
49,0,SS,-3.321928094887362,1.5195076416081302e-07
49,0,ACA,-3.321928094887362,1.5195076416081302e-07
49,0,PTL,-3.321928094887362,1.5195076416081302e-07
49,0,VIS,-3.321928094887362,1.5195076416081302e-07
49,1,RSC,-3.321928094887362,1.5195076416081302e-07
50,0,PFC,-3.321928094887362,1.5195076416081302e-07
50,1,ORB,-3.321928094887362,1.5195076416081302e-07
50,0,MO,-3.321928094887362,1.5195076416081302e-07
50,1,SS,-3.321928094887362,1.5195076416081302e-07
50,1,ACA,-3.321928094887362,1.5195076416081302e-07
50,0,PTL,-3.321928094887362,1.5195076416081302e-07
50,0,VIS,-3.321928094887362,1.5195076416081302e-07
50,0,RSC,-3.321928094887362,1.5195076416081302e-07
51,0,PFC,-1.3219280948873622,0.0020249026100731316
51,1,ORB,-1.3219280948873622,0.0020249026100731316
51,0,MO,-1.3219280948873622,0.0020249026100731316
51,1,SS,-1.3219280948873622,0.0020249026100731316
51,0,ACA,-1.3219280948873622,0.0020249026100731316
51,1,PTL,-1.3219280948873622,0.0020249026100731316
51,0,VIS,-1.3219280948873622,0.0020249026100731316
51,0,RSC,-1.3219280948873622,0.0020249026100731316
52,0,PFC,0.963474123974886,0.00015033004206808394
52,1,ORB,0.963474123974886,0.00015033004206808394
52,0,MO,0.963474123974886,0.00015033004206808394
52,1,SS,0.963474123974886,0.00015033004206808394
52,0,ACA,0.963474123974886,0.00015033004206808394
52,0,PTL,0.963474123974886,0.00015033004206808394
52,1,VIS,0.963474123974886,0.00015033004206808394
52,0,RSC,0.963474123974886,0.00015033004206808394
53,0,PFC,-3.321928094887362,1.5195076416081302e-07
53,1,ORB,-3.321928094887362,1.5195076416081302e-07
53,0,MO,-3.321928094887362,1.5195076416081302e-07
53,1,SS,-3.321928094887362,1.5195076416081302e-07
53,0,ACA,-3.321928094887362,1.5195076416081302e-07
53,0,PTL,-3.321928094887362,1.5195076416081302e-07
53,0,VIS,-3.321928094887362,1.5195076416081302e-07
53,1,RSC,-3.321928094887362,1.5195076416081302e-07
54,0,PFC,-2.321928094887362,1.0947970474347087e-05
54,1,ORB,-2.321928094887362,1.0947970474347087e-05
54,0,MO,-2.321928094887362,1.0947970474347087e-05
54,0,SS,-2.321928094887362,1.0947970474347087e-05
54,1,ACA,-2.321928094887362,1.0947970474347087e-05
54,0,PTL,-2.321928094887362,1.0947970474347087e-05
54,1,VIS,-2.321928094887362,1.0947970474347087e-05
54,0,RSC,-2.321928094887362,1.0947970474347087e-05
55,0,PFC,-2.321928094887362,1.0947970474347087e-05
55,1,ORB,-2.321928094887362,1.0947970474347087e-05
55,0,MO,-2.321928094887362,1.0947970474347087e-05
55,0,SS,-2.321928094887362,1.0947970474347087e-05
55,1,ACA,-2.321928094887362,1.0947970474347087e-05
55,0,PTL,-2.321928094887362,1.0947970474347087e-05
55,0,VIS,-2.321928094887362,1.0947970474347087e-05
55,1,RSC,-2.321928094887362,1.0947970474347087e-05
56,0,PFC,-0.07400058144377693,0.9092134049798473
56,1,ORB,-0.07400058144377693,0.9092134049798473
56,0,MO,-0.07400058144377693,0.9092134049798473
56,0,SS,-0.07400058144377693,0.9092134049798473
56,0,ACA,-0.07400058144377693,0.9092134049798473
56,1,PTL,-0.07400058144377693,0.9092134049798473
56,1,VIS,-0.07400058144377693,0.9092134049798473
56,0,RSC,-0.07400058144377693,0.9092134049798473
57,0,PFC,0.963474123974886,0.00015033004206808394
57,1,ORB,0.963474123974886,0.00015033004206808394
57,0,MO,0.963474123974886,0.00015033004206808394
57,0,SS,0.963474123974886,0.00015033004206808394
57,0,ACA,0.963474123974886,0.00015033004206808394
57,0,PTL,0.963474123974886,0.00015033004206808394
57,1,VIS,0.963474123974886,0.00015033004206808394
57,1,RSC,0.963474123974886,0.00015033004206808394
58,0,PFC,-2.321928094887362,1.0947970474347087e-05
58,0,ORB,-2.321928094887362,1.0947970474347087e-05
58,1,MO,-2.321928094887362,1.0947970474347087e-05
58,1,SS,-2.321928094887362,1.0947970474347087e-05
58,1,ACA,-2.321928094887362,1.0947970474347087e-05
58,0,PTL,-2.321928094887362,1.0947970474347087e-05
58,0,VIS,-2.321928094887362,1.0947970474347087e-05
58,0,RSC,-2.321928094887362,1.0947970474347087e-05
59,0,PFC,-1.7369655941662063,0.00023005971323514097
59,0,ORB,-1.7369655941662063,0.00023005971323514097
59,1,MO,-1.7369655941662063,0.00023005971323514097
59,1,SS,-1.7369655941662063,0.00023005971323514097
59,0,ACA,-1.7369655941662063,0.00023005971323514097
59,1,PTL,-1.7369655941662063,0.00023005971323514097
59,0,VIS,-1.7369655941662063,0.00023005971323514097
59,0,RSC,-1.7369655941662063,0.00023005971323514097
60,0,PFC,0.13750352374993502,0.7322571395967323
60,0,ORB,0.13750352374993502,0.7322571395967323
60,1,MO,0.13750352374993502,0.7322571395967323
60,1,SS,0.13750352374993502,0.7322571395967323
60,0,ACA,0.13750352374993502,0.7322571395967323
60,0,PTL,0.13750352374993502,0.7322571395967323
60,1,VIS,0.13750352374993502,0.7322571395967323
60,0,RSC,0.13750352374993502,0.7322571395967323
61,0,PFC,-2.736965594166206,1.2026239729890036e-06
61,0,ORB,-2.736965594166206,1.2026239729890036e-06
61,1,MO,-2.736965594166206,1.2026239729890036e-06
61,0,SS,-2.736965594166206,1.2026239729890036e-06
61,1,ACA,-2.736965594166206,1.2026239729890036e-06
61,0,PTL,-2.736965594166206,1.2026239729890036e-06
61,1,VIS,-2.736965594166206,1.2026239729890036e-06
61,0,RSC,-2.736965594166206,1.2026239729890036e-06
62,0,PFC,-2.736965594166206,1.2026239729890036e-06
62,0,ORB,-2.736965594166206,1.2026239729890036e-06
62,1,MO,-2.736965594166206,1.2026239729890036e-06
62,0,SS,-2.736965594166206,1.2026239729890036e-06
62,1,ACA,-2.736965594166206,1.2026239729890036e-06
62,0,PTL,-2.736965594166206,1.2026239729890036e-06
62,0,VIS,-2.736965594166206,1.2026239729890036e-06
62,1,RSC,-2.736965594166206,1.2026239729890036e-06
63,0,PFC,-2.0,5.4152910397594726e-05
63,0,ORB,-2.0,5.4152910397594726e-05
63,1,MO,-2.0,5.4152910397594726e-05
63,0,SS,-2.0,5.4152910397594726e-05
63,0,ACA,-2.0,5.4152910397594726e-05
63,1,PTL,-2.0,5.4152910397594726e-05
63,1,VIS,-2.0,5.4152910397594726e-05
63,0,RSC,-2.0,5.4152910397594726e-05
64,0,PFC,0.070389327891398,0.8206549198234152
64,0,ORB,0.070389327891398,0.8206549198234152
64,1,MO,0.070389327891398,0.8206549198234152
64,0,SS,0.070389327891398,0.8206549198234152
64,0,ACA,0.070389327891398,0.8206549198234152
64,0,PTL,0.070389327891398,0.8206549198234152
64,1,VIS,0.070389327891398,0.8206549198234152
64,1,RSC,0.070389327891398,0.8206549198234152
65,0,PFC,-3.321928094887362,1.5195076416081302e-07
65,0,ORB,-3.321928094887362,1.5195076416081302e-07
65,0,MO,-3.321928094887362,1.5195076416081302e-07
65,1,SS,-3.321928094887362,1.5195076416081302e-07
65,1,ACA,-3.321928094887362,1.5195076416081302e-07
65,0,PTL,-3.321928094887362,1.5195076416081302e-07
65,1,VIS,-3.321928094887362,1.5195076416081302e-07
65,0,RSC,-3.321928094887362,1.5195076416081302e-07
66,0,PFC,-3.321928094887362,1.5195076416081302e-07
66,0,ORB,-3.321928094887362,1.5195076416081302e-07
66,0,MO,-3.321928094887362,1.5195076416081302e-07
66,1,SS,-3.321928094887362,1.5195076416081302e-07
66,1,ACA,-3.321928094887362,1.5195076416081302e-07
66,0,PTL,-3.321928094887362,1.5195076416081302e-07
66,0,VIS,-3.321928094887362,1.5195076416081302e-07
66,1,RSC,-3.321928094887362,1.5195076416081302e-07
67,0,PFC,2.548436624696042,1.6528141735710626e-50
67,0,ORB,2.548436624696042,1.6528141735710626e-50
67,0,MO,2.548436624696042,1.6528141735710626e-50
67,1,SS,2.548436624696042,1.6528141735710626e-50
67,0,ACA,2.548436624696042,1.6528141735710626e-50
67,1,PTL,2.548436624696042,1.6528141735710626e-50
67,1,VIS,2.548436624696042,1.6528141735710626e-50
67,0,RSC,2.548436624696042,1.6528141735710626e-50
68,0,PFC,-1.5145731728297582,0.0008554776324118561
68,0,ORB,-1.5145731728297582,0.0008554776324118561
68,0,MO,-1.5145731728297582,0.0008554776324118561
68,1,SS,-1.5145731728297582,0.0008554776324118561
68,0,ACA,-1.5145731728297582,0.0008554776324118561
68,1,PTL,-1.5145731728297582,0.0008554776324118561
68,0,VIS,-1.5145731728297582,0.0008554776324118561
68,1,RSC,-1.5145731728297582,0.0008554776324118561
69,0,PFC,1.74416109557041,8.995543925091002e-17
69,0,ORB,1.74416109557041,8.995543925091002e-17
69,0,MO,1.74416109557041,8.995543925091002e-17
69,1,SS,1.74416109557041,8.995543925091002e-17
69,0,ACA,1.74416109557041,8.995543925091002e-17
69,0,PTL,1.74416109557041,8.995543925091002e-17
69,1,VIS,1.74416109557041,8.995543925091002e-17
69,1,RSC,1.74416109557041,8.995543925091002e-17
70,0,PFC,-2.0,5.4152910397594726e-05
70,0,ORB,-2.0,5.4152910397594726e-05
70,0,MO,-2.0,5.4152910397594726e-05
70,0,SS,-2.0,5.4152910397594726e-05
70,1,ACA,-2.0,5.4152910397594726e-05
70,1,PTL,-2.0,5.4152910397594726e-05
70,1,VIS,-2.0,5.4152910397594726e-05
70,0,RSC,-2.0,5.4152910397594726e-05
71,0,PFC,-1.7369655941662063,0.00023005971323514097
71,0,ORB,-1.7369655941662063,0.00023005971323514097
71,0,MO,-1.7369655941662063,0.00023005971323514097
71,0,SS,-1.7369655941662063,0.00023005971323514097
71,1,ACA,-1.7369655941662063,0.00023005971323514097
71,0,PTL,-1.7369655941662063,0.00023005971323514097
71,1,VIS,-1.7369655941662063,0.00023005971323514097
71,1,RSC,-1.7369655941662063,0.00023005971323514097
72,0,PFC,3.0617761975866897,4.501772965057107e-94
72,0,ORB,3.0617761975866897,4.501772965057107e-94
72,0,MO,3.0617761975866897,4.501772965057107e-94
72,0,SS,3.0617761975866897,4.501772965057107e-94
72,0,ACA,3.0617761975866897,4.501772965057107e-94
72,1,PTL,3.0617761975866897,4.501772965057107e-94
72,1,VIS,3.0617761975866897,4.501772965057107e-94
72,1,RSC,3.0617761975866897,4.501772965057107e-94
73,1,PFC,2.039528364186637,4.8759672688688417e-23
73,1,ORB,2.039528364186637,4.8759672688688417e-23
73,1,MO,2.039528364186637,4.8759672688688417e-23
73,1,SS,2.039528364186637,4.8759672688688417e-23
73,0,ACA,2.039528364186637,4.8759672688688417e-23
73,0,PTL,2.039528364186637,4.8759672688688417e-23
73,0,VIS,2.039528364186637,4.8759672688688417e-23
73,0,RSC,2.039528364186637,4.8759672688688417e-23
74,1,PFC,1.584962500721156,8.024070793503777e-12
74,1,ORB,1.584962500721156,8.024070793503777e-12
74,1,MO,1.584962500721156,8.024070793503777e-12
74,0,SS,1.584962500721156,8.024070793503777e-12
74,1,ACA,1.584962500721156,8.024070793503777e-12
74,0,PTL,1.584962500721156,8.024070793503777e-12
74,0,VIS,1.584962500721156,8.024070793503777e-12
74,0,RSC,1.584962500721156,8.024070793503777e-12
75,1,PFC,0.3536369546147004,0.28240999752026597
75,1,ORB,0.3536369546147004,0.28240999752026597
75,1,MO,0.3536369546147004,0.28240999752026597
75,0,SS,0.3536369546147004,0.28240999752026597
75,0,ACA,0.3536369546147004,0.28240999752026597
75,0,PTL,0.3536369546147004,0.28240999752026597
75,1,VIS,0.3536369546147004,0.28240999752026597
75,0,RSC,0.3536369546147004,0.28240999752026597
76,1,PFC,-2.584962500721156,6.906208915812694e-06
76,1,ORB,-2.584962500721156,6.906208915812694e-06
76,1,MO,-2.584962500721156,6.906208915812694e-06
76,0,SS,-2.584962500721156,6.906208915812694e-06
76,0,ACA,-2.584962500721156,6.906208915812694e-06
76,0,PTL,-2.584962500721156,6.906208915812694e-06
76,0,VIS,-2.584962500721156,6.906208915812694e-06
76,1,RSC,-2.584962500721156,6.906208915812694e-06
77,1,PFC,-0.46948528330122025,0.2306595868081427
77,1,ORB,-0.46948528330122025,0.2306595868081427
77,0,MO,-0.46948528330122025,0.2306595868081427
77,1,SS,-0.46948528330122025,0.2306595868081427
77,1,ACA,-0.46948528330122025,0.2306595868081427
77,0,PTL,-0.46948528330122025,0.2306595868081427
77,0,VIS,-0.46948528330122025,0.2306595868081427
77,0,RSC,-0.46948528330122025,0.2306595868081427
78,1,PFC,-1.84799690655495,0.00018891762788114194
78,1,ORB,-1.84799690655495,0.00018891762788114194
78,0,MO,-1.84799690655495,0.00018891762788114194
78,1,SS,-1.84799690655495,0.00018891762788114194
78,0,ACA,-1.84799690655495,0.00018891762788114194
78,1,PTL,-1.84799690655495,0.00018891762788114194
78,0,VIS,-1.84799690655495,0.00018891762788114194
78,0,RSC,-1.84799690655495,0.00018891762788114194
79,1,PFC,0.289506617194985,0.4026488208882666
79,1,ORB,0.289506617194985,0.4026488208882666
79,0,MO,0.289506617194985,0.4026488208882666
79,1,SS,0.289506617194985,0.4026488208882666
79,0,ACA,0.289506617194985,0.4026488208882666
79,0,PTL,0.289506617194985,0.4026488208882666
79,1,VIS,0.289506617194985,0.4026488208882666
79,0,RSC,0.289506617194985,0.4026488208882666
80,1,PFC,-3.1699250014423126,9.558394061012867e-07
80,1,ORB,-3.1699250014423126,9.558394061012867e-07
80,0,MO,-3.1699250014423126,9.558394061012867e-07
80,1,SS,-3.1699250014423126,9.558394061012867e-07
80,0,ACA,-3.1699250014423126,9.558394061012867e-07
80,0,PTL,-3.1699250014423126,9.558394061012867e-07
80,0,VIS,-3.1699250014423126,9.558394061012867e-07
80,1,RSC,-3.1699250014423126,9.558394061012867e-07
81,1,PFC,-0.2630344058337938,0.47304201985346805
81,1,ORB,-0.2630344058337938,0.47304201985346805
81,0,MO,-0.2630344058337938,0.47304201985346805
81,0,SS,-0.2630344058337938,0.47304201985346805
81,1,ACA,-0.2630344058337938,0.47304201985346805
81,0,PTL,-0.2630344058337938,0.47304201985346805
81,1,VIS,-0.2630344058337938,0.47304201985346805
81,0,RSC,-0.2630344058337938,0.47304201985346805
82,1,PFC,-1.5849625007211563,0.0007553825067817514
82,1,ORB,-1.5849625007211563,0.0007553825067817514
82,0,MO,-1.5849625007211563,0.0007553825067817514
82,0,SS,-1.5849625007211563,0.0007553825067817514
82,1,ACA,-1.5849625007211563,0.0007553825067817514
82,0,PTL,-1.5849625007211563,0.0007553825067817514
82,0,VIS,-1.5849625007211563,0.0007553825067817514
82,1,RSC,-1.5849625007211563,0.0007553825067817514
83,1,PFC,-0.84799690655495,0.0411631621389973
83,1,ORB,-0.84799690655495,0.0411631621389973
83,0,MO,-0.84799690655495,0.0411631621389973
83,0,SS,-0.84799690655495,0.0411631621389973
83,0,ACA,-0.84799690655495,0.0411631621389973
83,1,PTL,-0.84799690655495,0.0411631621389973
83,1,VIS,-0.84799690655495,0.0411631621389973
83,0,RSC,-0.84799690655495,0.0411631621389973
84,1,PFC,-0.84799690655495,0.0411631621389973
84,1,ORB,-0.84799690655495,0.0411631621389973
84,0,MO,-0.84799690655495,0.0411631621389973
84,0,SS,-0.84799690655495,0.0411631621389973
84,0,ACA,-0.84799690655495,0.0411631621389973
84,0,PTL,-0.84799690655495,0.0411631621389973
84,1,VIS,-0.84799690655495,0.0411631621389973
84,1,RSC,-0.84799690655495,0.0411631621389973
85,1,PFC,-0.08246216019197299,0.8112670343716528
85,0,ORB,-0.08246216019197299,0.8112670343716528
85,1,MO,-0.08246216019197299,0.8112670343716528
85,1,SS,-0.08246216019197299,0.8112670343716528
85,1,ACA,-0.08246216019197299,0.8112670343716528
85,0,PTL,-0.08246216019197299,0.8112670343716528
85,0,VIS,-0.08246216019197299,0.8112670343716528
85,0,RSC,-0.08246216019197299,0.8112670343716528
86,1,PFC,-2.584962500721156,6.906208915812694e-06
86,0,ORB,-2.584962500721156,6.906208915812694e-06
86,1,MO,-2.584962500721156,6.906208915812694e-06
86,1,SS,-2.584962500721156,6.906208915812694e-06
86,0,ACA,-2.584962500721156,6.906208915812694e-06
86,1,PTL,-2.584962500721156,6.906208915812694e-06
86,0,VIS,-2.584962500721156,6.906208915812694e-06
86,0,RSC,-2.584962500721156,6.906208915812694e-06
87,1,PFC,-1.3625700793847082,0.0026250034998658326
87,0,ORB,-1.3625700793847082,0.0026250034998658326
87,1,MO,-1.3625700793847082,0.0026250034998658326
87,1,SS,-1.3625700793847082,0.0026250034998658326
87,0,ACA,-1.3625700793847082,0.0026250034998658326
87,0,PTL,-1.3625700793847082,0.0026250034998658326
87,1,VIS,-1.3625700793847082,0.0026250034998658326
87,0,RSC,-1.3625700793847082,0.0026250034998658326
88,1,PFC,-2.584962500721156,6.906208915812694e-06
88,0,ORB,-2.584962500721156,6.906208915812694e-06
88,1,MO,-2.584962500721156,6.906208915812694e-06
88,1,SS,-2.584962500721156,6.906208915812694e-06
88,0,ACA,-2.584962500721156,6.906208915812694e-06
88,0,PTL,-2.584962500721156,6.906208915812694e-06
88,0,VIS,-2.584962500721156,6.906208915812694e-06
88,1,RSC,-2.584962500721156,6.906208915812694e-06
89,1,PFC,-0.46948528330122025,0.2306595868081427
89,0,ORB,-0.46948528330122025,0.2306595868081427
89,1,MO,-0.46948528330122025,0.2306595868081427
89,0,SS,-0.46948528330122025,0.2306595868081427
89,1,ACA,-0.46948528330122025,0.2306595868081427
89,0,PTL,-0.46948528330122025,0.2306595868081427
89,1,VIS,-0.46948528330122025,0.2306595868081427
89,0,RSC,-0.46948528330122025,0.2306595868081427
90,1,PFC,-2.584962500721156,6.906208915812694e-06
90,0,ORB,-2.584962500721156,6.906208915812694e-06
90,1,MO,-2.584962500721156,6.906208915812694e-06
90,0,SS,-2.584962500721156,6.906208915812694e-06
90,1,ACA,-2.584962500721156,6.906208915812694e-06
90,0,PTL,-2.584962500721156,6.906208915812694e-06
90,0,VIS,-2.584962500721156,6.906208915812694e-06
90,1,RSC,-2.584962500721156,6.906208915812694e-06
91,1,PFC,-2.584962500721156,6.906208915812694e-06
91,0,ORB,-2.584962500721156,6.906208915812694e-06
91,1,MO,-2.584962500721156,6.906208915812694e-06
91,0,SS,-2.584962500721156,6.906208915812694e-06
91,0,ACA,-2.584962500721156,6.906208915812694e-06
91,1,PTL,-2.584962500721156,6.906208915812694e-06
91,1,VIS,-2.584962500721156,6.906208915812694e-06
91,0,RSC,-2.584962500721156,6.906208915812694e-06
92,1,PFC,-1.5849625007211563,0.0007553825067817514
92,0,ORB,-1.5849625007211563,0.0007553825067817514
92,1,MO,-1.5849625007211563,0.0007553825067817514
92,0,SS,-1.5849625007211563,0.0007553825067817514
92,0,ACA,-1.5849625007211563,0.0007553825067817514
92,0,PTL,-1.5849625007211563,0.0007553825067817514
92,1,VIS,-1.5849625007211563,0.0007553825067817514
92,1,RSC,-1.5849625007211563,0.0007553825067817514
93,1,PFC,-2.1699250014423126,3.993665265167427e-05
93,0,ORB,-2.1699250014423126,3.993665265167427e-05
93,0,MO,-2.1699250014423126,3.993665265167427e-05
93,1,SS,-2.1699250014423126,3.993665265167427e-05
93,1,ACA,-2.1699250014423126,3.993665265167427e-05
93,0,PTL,-2.1699250014423126,3.993665265167427e-05
93,1,VIS,-2.1699250014423126,3.993665265167427e-05
93,0,RSC,-2.1699250014423126,3.993665265167427e-05
94,1,PFC,-3.1699250014423126,9.558394061012867e-07
94,0,ORB,-3.1699250014423126,9.558394061012867e-07
94,0,MO,-3.1699250014423126,9.558394061012867e-07
94,1,SS,-3.1699250014423126,9.558394061012867e-07
94,1,ACA,-3.1699250014423126,9.558394061012867e-07
94,0,PTL,-3.1699250014423126,9.558394061012867e-07
94,0,VIS,-3.1699250014423126,9.558394061012867e-07
94,1,RSC,-3.1699250014423126,9.558394061012867e-07
95,1,PFC,-0.710493382805015,0.07241014700496302
95,0,ORB,-0.710493382805015,0.07241014700496302
95,0,MO,-0.710493382805015,0.07241014700496302
95,1,SS,-0.710493382805015,0.07241014700496302
95,0,ACA,-0.710493382805015,0.07241014700496302
95,1,PTL,-0.710493382805015,0.07241014700496302
95,1,VIS,-0.710493382805015,0.07241014700496302
95,0,RSC,-0.710493382805015,0.07241014700496302
96,1,PFC,-1.3625700793847082,0.0026250034998658326
96,0,ORB,-1.3625700793847082,0.0026250034998658326
96,0,MO,-1.3625700793847082,0.0026250034998658326
96,1,SS,-1.3625700793847082,0.0026250034998658326
96,0,ACA,-1.3625700793847082,0.0026250034998658326
96,0,PTL,-1.3625700793847082,0.0026250034998658326
96,1,VIS,-1.3625700793847082,0.0026250034998658326
96,1,RSC,-1.3625700793847082,0.0026250034998658326
97,1,PFC,-3.1699250014423126,9.558394061012867e-07
97,0,ORB,-3.1699250014423126,9.558394061012867e-07
97,0,MO,-3.1699250014423126,9.558394061012867e-07
97,0,SS,-3.1699250014423126,9.558394061012867e-07
97,1,ACA,-3.1699250014423126,9.558394061012867e-07
97,1,PTL,-3.1699250014423126,9.558394061012867e-07
97,1,VIS,-3.1699250014423126,9.558394061012867e-07
97,0,RSC,-3.1699250014423126,9.558394061012867e-07
98,1,PFC,-2.1699250014423126,3.993665265167427e-05
98,0,ORB,-2.1699250014423126,3.993665265167427e-05
98,0,MO,-2.1699250014423126,3.993665265167427e-05
98,0,SS,-2.1699250014423126,3.993665265167427e-05
98,1,ACA,-2.1699250014423126,3.993665265167427e-05
98,0,PTL,-2.1699250014423126,3.993665265167427e-05
98,1,VIS,-2.1699250014423126,3.993665265167427e-05
98,1,RSC,-2.1699250014423126,3.993665265167427e-05
99,1,PFC,-0.84799690655495,0.0411631621389973
99,0,ORB,-0.84799690655495,0.0411631621389973
99,0,MO,-0.84799690655495,0.0411631621389973
99,0,SS,-0.84799690655495,0.0411631621389973
99,0,ACA,-0.84799690655495,0.0411631621389973
99,1,PTL,-0.84799690655495,0.0411631621389973
99,1,VIS,-0.84799690655495,0.0411631621389973
99,1,RSC,-0.84799690655495,0.0411631621389973
100,0,PFC,-1.5849625007211563,0.0007553825067817514
100,1,ORB,-1.5849625007211563,0.0007553825067817514
100,1,MO,-1.5849625007211563,0.0007553825067817514
100,1,SS,-1.5849625007211563,0.0007553825067817514
100,1,ACA,-1.5849625007211563,0.0007553825067817514
100,0,PTL,-1.5849625007211563,0.0007553825067817514
100,0,VIS,-1.5849625007211563,0.0007553825067817514
100,0,RSC,-1.5849625007211563,0.0007553825067817514
101,0,PFC,-3.1699250014423126,9.558394061012867e-07
101,1,ORB,-3.1699250014423126,9.558394061012867e-07
101,1,MO,-3.1699250014423126,9.558394061012867e-07
101,1,SS,-3.1699250014423126,9.558394061012867e-07
101,0,ACA,-3.1699250014423126,9.558394061012867e-07
101,1,PTL,-3.1699250014423126,9.558394061012867e-07
101,0,VIS,-3.1699250014423126,9.558394061012867e-07
101,0,RSC,-3.1699250014423126,9.558394061012867e-07
102,0,PFC,0.22239242133644802,0.5497681928234766
102,1,ORB,0.22239242133644802,0.5497681928234766
102,1,MO,0.22239242133644802,0.5497681928234766
102,1,SS,0.22239242133644802,0.5497681928234766
102,0,ACA,0.22239242133644802,0.5497681928234766
102,0,PTL,0.22239242133644802,0.5497681928234766
102,1,VIS,0.22239242133644802,0.5497681928234766
102,0,RSC,0.22239242133644802,0.5497681928234766
103,0,PFC,-3.1699250014423126,9.558394061012867e-07
103,1,ORB,-3.1699250014423126,9.558394061012867e-07
103,1,MO,-3.1699250014423126,9.558394061012867e-07
103,1,SS,-3.1699250014423126,9.558394061012867e-07
103,0,ACA,-3.1699250014423126,9.558394061012867e-07
103,0,PTL,-3.1699250014423126,9.558394061012867e-07
103,0,VIS,-3.1699250014423126,9.558394061012867e-07
103,1,RSC,-3.1699250014423126,9.558394061012867e-07
104,0,PFC,-1.84799690655495,0.00018891762788114194
104,1,ORB,-1.84799690655495,0.00018891762788114194
104,1,MO,-1.84799690655495,0.00018891762788114194
104,0,SS,-1.84799690655495,0.00018891762788114194
104,1,ACA,-1.84799690655495,0.00018891762788114194
104,0,PTL,-1.84799690655495,0.00018891762788114194
104,1,VIS,-1.84799690655495,0.00018891762788114194
104,0,RSC,-1.84799690655495,0.00018891762788114194
105,0,PFC,-3.1699250014423126,9.558394061012867e-07
105,1,ORB,-3.1699250014423126,9.558394061012867e-07
105,1,MO,-3.1699250014423126,9.558394061012867e-07
105,0,SS,-3.1699250014423126,9.558394061012867e-07
105,0,ACA,-3.1699250014423126,9.558394061012867e-07
105,1,PTL,-3.1699250014423126,9.558394061012867e-07
105,1,VIS,-3.1699250014423126,9.558394061012867e-07
105,0,RSC,-3.1699250014423126,9.558394061012867e-07
106,0,PFC,-1.3625700793847082,0.0026250034998658326
106,1,ORB,-1.3625700793847082,0.0026250034998658326
106,1,MO,-1.3625700793847082,0.0026250034998658326
106,0,SS,-1.3625700793847082,0.0026250034998658326
106,0,ACA,-1.3625700793847082,0.0026250034998658326
106,0,PTL,-1.3625700793847082,0.0026250034998658326
106,1,VIS,-1.3625700793847082,0.0026250034998658326
106,1,RSC,-1.3625700793847082,0.0026250034998658326
107,0,PFC,-3.1699250014423126,9.558394061012867e-07
107,1,ORB,-3.1699250014423126,9.558394061012867e-07
107,0,MO,-3.1699250014423126,9.558394061012867e-07
107,1,SS,-3.1699250014423126,9.558394061012867e-07
107,1,ACA,-3.1699250014423126,9.558394061012867e-07
107,1,PTL,-3.1699250014423126,9.558394061012867e-07
107,0,VIS,-3.1699250014423126,9.558394061012867e-07
107,0,RSC,-3.1699250014423126,9.558394061012867e-07
108,0,PFC,-2.584962500721156,6.906208915812694e-06
108,1,ORB,-2.584962500721156,6.906208915812694e-06
108,0,MO,-2.584962500721156,6.906208915812694e-06
108,1,SS,-2.584962500721156,6.906208915812694e-06
108,1,ACA,-2.584962500721156,6.906208915812694e-06
108,0,PTL,-2.584962500721156,6.906208915812694e-06
108,1,VIS,-2.584962500721156,6.906208915812694e-06
108,0,RSC,-2.584962500721156,6.906208915812694e-06
109,0,PFC,1.384663850235325,1.3109848966358625e-08
109,1,ORB,1.384663850235325,1.3109848966358625e-08
109,0,MO,1.384663850235325,1.3109848966358625e-08
109,1,SS,1.384663850235325,1.3109848966358625e-08
109,0,ACA,1.384663850235325,1.3109848966358625e-08
109,1,PTL,1.384663850235325,1.3109848966358625e-08
109,1,VIS,1.384663850235325,1.3109848966358625e-08
109,0,RSC,1.384663850235325,1.3109848966358625e-08
110,0,PFC,-2.584962500721156,6.906208915812694e-06
110,1,ORB,-2.584962500721156,6.906208915812694e-06
110,0,MO,-2.584962500721156,6.906208915812694e-06
110,1,SS,-2.584962500721156,6.906208915812694e-06
110,0,ACA,-2.584962500721156,6.906208915812694e-06
110,1,PTL,-2.584962500721156,6.906208915812694e-06
110,0,VIS,-2.584962500721156,6.906208915812694e-06
110,1,RSC,-2.584962500721156,6.906208915812694e-06
111,0,PFC,0.07800251200127316,0.9047500509165505
111,1,ORB,0.07800251200127316,0.9047500509165505
111,0,MO,0.07800251200127316,0.9047500509165505
111,1,SS,0.07800251200127316,0.9047500509165505
111,0,ACA,0.07800251200127316,0.9047500509165505
111,0,PTL,0.07800251200127316,0.9047500509165505
111,1,VIS,0.07800251200127316,0.9047500509165505
111,1,RSC,0.07800251200127316,0.9047500509165505
112,0,PFC,-2.584962500721156,6.906208915812694e-06
112,1,ORB,-2.584962500721156,6.906208915812694e-06
112,0,MO,-2.584962500721156,6.906208915812694e-06
112,0,SS,-2.584962500721156,6.906208915812694e-06
112,1,ACA,-2.584962500721156,6.906208915812694e-06
112,1,PTL,-2.584962500721156,6.906208915812694e-06
112,1,VIS,-2.584962500721156,6.906208915812694e-06
112,0,RSC,-2.584962500721156,6.906208915812694e-06
113,0,PFC,-1.0,0.016536032971322237
113,1,ORB,-1.0,0.016536032971322237
113,0,MO,-1.0,0.016536032971322237
113,0,SS,-1.0,0.016536032971322237
113,1,ACA,-1.0,0.016536032971322237
113,0,PTL,-1.0,0.016536032971322237
113,1,VIS,-1.0,0.016536032971322237
113,1,RSC,-1.0,0.016536032971322237
114,0,PFC,0.5305147166987798,0.09300392978365893
114,1,ORB,0.5305147166987798,0.09300392978365893
114,0,MO,0.5305147166987798,0.09300392978365893
114,0,SS,0.5305147166987798,0.09300392978365893
114,0,ACA,0.5305147166987798,0.09300392978365893
114,1,PTL,0.5305147166987798,0.09300392978365893
114,1,VIS,0.5305147166987798,0.09300392978365893
114,1,RSC,0.5305147166987798,0.09300392978365893
115,0,PFC,-1.5849625007211563,0.0007553825067817514
115,0,ORB,-1.5849625007211563,0.0007553825067817514
115,1,MO,-1.5849625007211563,0.0007553825067817514
115,1,SS,-1.5849625007211563,0.0007553825067817514
115,1,ACA,-1.5849625007211563,0.0007553825067817514
115,0,PTL,-1.5849625007211563,0.0007553825067817514
115,1,VIS,-1.5849625007211563,0.0007553825067817514
115,0,RSC,-1.5849625007211563,0.0007553825067817514
116,0,PFC,-3.1699250014423126,9.558394061012867e-07
116,0,ORB,-3.1699250014423126,9.558394061012867e-07
116,1,MO,-3.1699250014423126,9.558394061012867e-07
116,1,SS,-3.1699250014423126,9.558394061012867e-07
116,1,ACA,-3.1699250014423126,9.558394061012867e-07
116,0,PTL,-3.1699250014423126,9.558394061012867e-07
116,0,VIS,-3.1699250014423126,9.558394061012867e-07
116,1,RSC,-3.1699250014423126,9.558394061012867e-07
117,0,PFC,1.078002512001273,6.063027292826868e-05
117,0,ORB,1.078002512001273,6.063027292826868e-05
117,1,MO,1.078002512001273,6.063027292826868e-05
117,1,SS,1.078002512001273,6.063027292826868e-05
117,0,ACA,1.078002512001273,6.063027292826868e-05
117,1,PTL,1.078002512001273,6.063027292826868e-05
117,1,VIS,1.078002512001273,6.063027292826868e-05
117,0,RSC,1.078002512001273,6.063027292826868e-05
118,0,PFC,-3.1699250014423126,9.558394061012867e-07
118,0,ORB,-3.1699250014423126,9.558394061012867e-07
118,1,MO,-3.1699250014423126,9.558394061012867e-07
118,1,SS,-3.1699250014423126,9.558394061012867e-07
118,0,ACA,-3.1699250014423126,9.558394061012867e-07
118,1,PTL,-3.1699250014423126,9.558394061012867e-07
118,0,VIS,-3.1699250014423126,9.558394061012867e-07
118,1,RSC,-3.1699250014423126,9.558394061012867e-07
119,0,PFC,0.41503749927884376,0.1896899459912631
119,0,ORB,0.41503749927884376,0.1896899459912631
119,1,MO,0.41503749927884376,0.1896899459912631
119,1,SS,0.41503749927884376,0.1896899459912631
119,0,ACA,0.41503749927884376,0.1896899459912631
119,0,PTL,0.41503749927884376,0.1896899459912631
119,1,VIS,0.41503749927884376,0.1896899459912631
119,1,RSC,0.41503749927884376,0.1896899459912631
120,0,PFC,-2.584962500721156,6.906208915812694e-06
120,0,ORB,-2.584962500721156,6.906208915812694e-06
120,1,MO,-2.584962500721156,6.906208915812694e-06
120,0,SS,-2.584962500721156,6.906208915812694e-06
120,1,ACA,-2.584962500721156,6.906208915812694e-06
120,1,PTL,-2.584962500721156,6.906208915812694e-06
120,1,VIS,-2.584962500721156,6.906208915812694e-06
120,0,RSC,-2.584962500721156,6.906208915812694e-06
121,0,PFC,-1.1699250014423124,0.008082200978776552
121,0,ORB,-1.1699250014423124,0.008082200978776552
121,1,MO,-1.1699250014423124,0.008082200978776552
121,0,SS,-1.1699250014423124,0.008082200978776552
121,1,ACA,-1.1699250014423124,0.008082200978776552
121,0,PTL,-1.1699250014423124,0.008082200978776552
121,1,VIS,-1.1699250014423124,0.008082200978776552
121,1,RSC,-1.1699250014423124,0.008082200978776552
122,0,PFC,1.1154772174199359,2.080292991677366e-05
122,0,ORB,1.1154772174199359,2.080292991677366e-05
122,1,MO,1.1154772174199359,2.080292991677366e-05
122,0,SS,1.1154772174199359,2.080292991677366e-05
122,0,ACA,1.1154772174199359,2.080292991677366e-05
122,1,PTL,1.1154772174199359,2.080292991677366e-05
122,1,VIS,1.1154772174199359,2.080292991677366e-05
122,1,RSC,1.1154772174199359,2.080292991677366e-05
123,0,PFC,-0.710493382805015,0.07241014700496302
123,0,ORB,-0.710493382805015,0.07241014700496302
123,0,MO,-0.710493382805015,0.07241014700496302
123,1,SS,-0.710493382805015,0.07241014700496302
123,1,ACA,-0.710493382805015,0.07241014700496302
123,1,PTL,-0.710493382805015,0.07241014700496302
123,1,VIS,-0.710493382805015,0.07241014700496302
123,0,RSC,-0.710493382805015,0.07241014700496302
124,0,PFC,-2.584962500721156,6.906208915812694e-06
124,0,ORB,-2.584962500721156,6.906208915812694e-06
124,0,MO,-2.584962500721156,6.906208915812694e-06
124,1,SS,-2.584962500721156,6.906208915812694e-06
124,1,ACA,-2.584962500721156,6.906208915812694e-06
124,0,PTL,-2.584962500721156,6.906208915812694e-06
124,1,VIS,-2.584962500721156,6.906208915812694e-06
124,1,RSC,-2.584962500721156,6.906208915812694e-06
125,0,PFC,3.7548875021634687,2.2153542352447116e-182
125,0,ORB,3.7548875021634687,2.2153542352447116e-182
125,0,MO,3.7548875021634687,2.2153542352447116e-182
125,1,SS,3.7548875021634687,2.2153542352447116e-182
125,0,ACA,3.7548875021634687,2.2153542352447116e-182
125,1,PTL,3.7548875021634687,2.2153542352447116e-182
125,1,VIS,3.7548875021634687,2.2153542352447116e-182
125,1,RSC,3.7548875021634687,2.2153542352447116e-182
126,0,PFC,-0.5849625007211563,0.12079660558396169
126,0,ORB,-0.5849625007211563,0.12079660558396169
126,0,MO,-0.5849625007211563,0.12079660558396169
126,0,SS,-0.5849625007211563,0.12079660558396169
126,1,ACA,-0.5849625007211563,0.12079660558396169
126,1,PTL,-0.5849625007211563,0.12079660558396169
126,1,VIS,-0.5849625007211563,0.12079660558396169
126,1,RSC,-0.5849625007211563,0.12079660558396169
127,1,PFC,1.4974996594708168,2.404029513931448e-10
127,1,ORB,1.4974996594708168,2.404029513931448e-10
127,1,MO,1.4974996594708168,2.404029513931448e-10
127,1,SS,1.4974996594708168,2.404029513931448e-10
127,1,ACA,1.4974996594708168,2.404029513931448e-10
127,0,PTL,1.4974996594708168,2.404029513931448e-10
127,0,VIS,1.4974996594708168,2.404029513931448e-10
127,0,RSC,1.4974996594708168,2.404029513931448e-10
128,1,PFC,-0.5025003405291831,0.2581514819303339
128,1,ORB,-0.5025003405291831,0.2581514819303339
128,1,MO,-0.5025003405291831,0.2581514819303339
128,1,SS,-0.5025003405291831,0.2581514819303339
128,0,ACA,-0.5025003405291831,0.2581514819303339
128,1,PTL,-0.5025003405291831,0.2581514819303339
128,0,VIS,-0.5025003405291831,0.2581514819303339
128,0,RSC,-0.5025003405291831,0.2581514819303339
129,1,PFC,1.082462160191973,4.226660127344552e-05
129,1,ORB,1.082462160191973,4.226660127344552e-05
129,1,MO,1.082462160191973,4.226660127344552e-05
129,1,SS,1.082462160191973,4.226660127344552e-05
129,0,ACA,1.082462160191973,4.226660127344552e-05
129,0,PTL,1.082462160191973,4.226660127344552e-05
129,1,VIS,1.082462160191973,4.226660127344552e-05
129,0,RSC,1.082462160191973,4.226660127344552e-05
130,1,PFC,-2.0874628412503395,0.0002196196631185593
130,1,ORB,-2.0874628412503395,0.0002196196631185593
130,1,MO,-2.0874628412503395,0.0002196196631185593
130,1,SS,-2.0874628412503395,0.0002196196631185593
130,0,ACA,-2.0874628412503395,0.0002196196631185593
130,0,PTL,-2.0874628412503395,0.0002196196631185593
130,0,VIS,-2.0874628412503395,0.0002196196631185593
130,1,RSC,-2.0874628412503395,0.0002196196631185593
131,1,PFC,0.16046467219324612,0.6148597491630095
131,1,ORB,0.16046467219324612,0.6148597491630095
131,1,MO,0.16046467219324612,0.6148597491630095
131,0,SS,0.16046467219324612,0.6148597491630095
131,1,ACA,0.16046467219324612,0.6148597491630095
131,0,PTL,0.16046467219324612,0.6148597491630095
131,1,VIS,0.16046467219324612,0.6148597491630095
131,0,RSC,0.16046467219324612,0.6148597491630095
132,1,PFC,-1.5025003405291832,0.0024740848625403834
132,1,ORB,-1.5025003405291832,0.0024740848625403834
132,1,MO,-1.5025003405291832,0.0024740848625403834
132,0,SS,-1.5025003405291832,0.0024740848625403834
132,1,ACA,-1.5025003405291832,0.0024740848625403834
132,0,PTL,-1.5025003405291832,0.0024740848625403834
132,0,VIS,-1.5025003405291832,0.0024740848625403834
132,1,RSC,-1.5025003405291832,0.0024740848625403834
133,1,PFC,-1.2801079191927354,0.008018425284246268
133,1,ORB,-1.2801079191927354,0.008018425284246268
133,1,MO,-1.2801079191927354,0.008018425284246268
133,0,SS,-1.2801079191927354,0.008018425284246268
133,0,ACA,-1.2801079191927354,0.008018425284246268
133,1,PTL,-1.2801079191927354,0.008018425284246268
133,1,VIS,-1.2801079191927354,0.008018425284246268
133,0,RSC,-1.2801079191927354,0.008018425284246268
134,1,PFC,-3.0874628412503395,3.846033587858277e-06
134,1,ORB,-3.0874628412503395,3.846033587858277e-06
134,1,MO,-3.0874628412503395,3.846033587858277e-06
134,0,SS,-3.0874628412503395,3.846033587858277e-06
134,0,ACA,-3.0874628412503395,3.846033587858277e-06
134,1,PTL,-3.0874628412503395,3.846033587858277e-06
134,0,VIS,-3.0874628412503395,3.846033587858277e-06
134,1,RSC,-3.0874628412503395,3.846033587858277e-06
135,1,PFC,-1.765534746362977,0.0009535085290956697
135,1,ORB,-1.765534746362977,0.0009535085290956697
135,1,MO,-1.765534746362977,0.0009535085290956697
135,0,SS,-1.765534746362977,0.0009535085290956697
135,0,ACA,-1.765534746362977,0.0009535085290956697
135,0,PTL,-1.765534746362977,0.0009535085290956697
135,1,VIS,-1.765534746362977,0.0009535085290956697
135,1,RSC,-1.765534746362977,0.0009535085290956697
136,1,PFC,-3.0874628412503395,3.846033587858277e-06
136,1,ORB,-3.0874628412503395,3.846033587858277e-06
136,0,MO,-3.0874628412503395,3.846033587858277e-06
136,1,SS,-3.0874628412503395,3.846033587858277e-06
136,1,ACA,-3.0874628412503395,3.846033587858277e-06
136,1,PTL,-3.0874628412503395,3.846033587858277e-06
136,0,VIS,-3.0874628412503395,3.846033587858277e-06
136,0,RSC,-3.0874628412503395,3.846033587858277e-06
137,1,PFC,-1.0874628412503395,0.022954945594276924
137,1,ORB,-1.0874628412503395,0.022954945594276924
137,0,MO,-1.0874628412503395,0.022954945594276924
137,1,SS,-1.0874628412503395,0.022954945594276924
137,1,ACA,-1.0874628412503395,0.022954945594276924
137,0,PTL,-1.0874628412503395,0.022954945594276924
137,1,VIS,-1.0874628412503395,0.022954945594276924
137,0,RSC,-1.0874628412503395,0.022954945594276924
138,1,PFC,-2.0874628412503395,0.0002196196631185593
138,1,ORB,-2.0874628412503395,0.0002196196631185593
138,0,MO,-2.0874628412503395,0.0002196196631185593
138,1,SS,-2.0874628412503395,0.0002196196631185593
138,1,ACA,-2.0874628412503395,0.0002196196631185593
138,0,PTL,-2.0874628412503395,0.0002196196631185593
138,0,VIS,-2.0874628412503395,0.0002196196631185593
138,1,RSC,-2.0874628412503395,0.0002196196631185593
139,1,PFC,0.667424660913129,0.017087183092825916
139,1,ORB,0.667424660913129,0.017087183092825916
139,0,MO,0.667424660913129,0.017087183092825916
139,1,SS,0.667424660913129,0.017087183092825916
139,0,ACA,0.667424660913129,0.017087183092825916
139,1,PTL,0.667424660913129,0.017087183092825916
139,1,VIS,0.667424660913129,0.017087183092825916
139,0,RSC,0.667424660913129,0.017087183092825916
140,1,PFC,-2.0874628412503395,0.0002196196631185593
140,1,ORB,-2.0874628412503395,0.0002196196631185593
140,0,MO,-2.0874628412503395,0.0002196196631185593
140,1,SS,-2.0874628412503395,0.0002196196631185593
140,0,ACA,-2.0874628412503395,0.0002196196631185593
140,1,PTL,-2.0874628412503395,0.0002196196631185593
140,0,VIS,-2.0874628412503395,0.0002196196631185593
140,1,RSC,-2.0874628412503395,0.0002196196631185593
141,1,PFC,-0.38702312310924736,0.3801359294956754
141,1,ORB,-0.38702312310924736,0.3801359294956754
141,0,MO,-0.38702312310924736,0.3801359294956754
141,1,SS,-0.38702312310924736,0.3801359294956754
141,0,ACA,-0.38702312310924736,0.3801359294956754
141,0,PTL,-0.38702312310924736,0.3801359294956754
141,1,VIS,-0.38702312310924736,0.3801359294956754
141,1,RSC,-0.38702312310924736,0.3801359294956754
142,1,PFC,-2.0874628412503395,0.0002196196631185593
142,1,ORB,-2.0874628412503395,0.0002196196631185593
142,0,MO,-2.0874628412503395,0.0002196196631185593
142,0,SS,-2.0874628412503395,0.0002196196631185593
142,1,ACA,-2.0874628412503395,0.0002196196631185593
142,1,PTL,-2.0874628412503395,0.0002196196631185593
142,1,VIS,-2.0874628412503395,0.0002196196631185593
142,0,RSC,-2.0874628412503395,0.0002196196631185593
143,1,PFC,-1.0874628412503395,0.022954945594276924
143,1,ORB,-1.0874628412503395,0.022954945594276924
143,0,MO,-1.0874628412503395,0.022954945594276924
143,0,SS,-1.0874628412503395,0.022954945594276924
143,1,ACA,-1.0874628412503395,0.022954945594276924
143,0,PTL,-1.0874628412503395,0.022954945594276924
143,1,VIS,-1.0874628412503395,0.022954945594276924
143,1,RSC,-1.0874628412503395,0.022954945594276924
144,1,PFC,-0.6280312226130421,0.1660942936579337
144,1,ORB,-0.6280312226130421,0.1660942936579337
144,0,MO,-0.6280312226130421,0.1660942936579337
144,0,SS,-0.6280312226130421,0.1660942936579337
144,0,ACA,-0.6280312226130421,0.1660942936579337
144,1,PTL,-0.6280312226130421,0.1660942936579337
144,1,VIS,-0.6280312226130421,0.1660942936579337
144,1,RSC,-0.6280312226130421,0.1660942936579337
145,1,PFC,-2.0874628412503395,0.0002196196631185593
145,0,ORB,-2.0874628412503395,0.0002196196631185593
145,1,MO,-2.0874628412503395,0.0002196196631185593
145,1,SS,-2.0874628412503395,0.0002196196631185593
145,1,ACA,-2.0874628412503395,0.0002196196631185593
145,1,PTL,-2.0874628412503395,0.0002196196631185593
145,0,VIS,-2.0874628412503395,0.0002196196631185593
145,0,RSC,-2.0874628412503395,0.0002196196631185593
146,1,PFC,-0.6280312226130421,0.1660942936579337
146,0,ORB,-0.6280312226130421,0.1660942936579337
146,1,MO,-0.6280312226130421,0.1660942936579337
146,1,SS,-0.6280312226130421,0.1660942936579337
146,1,ACA,-0.6280312226130421,0.1660942936579337
146,0,PTL,-0.6280312226130421,0.1660942936579337
146,1,VIS,-0.6280312226130421,0.1660942936579337
146,0,RSC,-0.6280312226130421,0.1660942936579337
147,1,PFC,-0.6280312226130421,0.1660942936579337
147,0,ORB,-0.6280312226130421,0.1660942936579337
147,1,MO,-0.6280312226130421,0.1660942936579337
147,1,SS,-0.6280312226130421,0.1660942936579337
147,0,ACA,-0.6280312226130421,0.1660942936579337
147,1,PTL,-0.6280312226130421,0.1660942936579337
147,1,VIS,-0.6280312226130421,0.1660942936579337
147,0,RSC,-0.6280312226130421,0.1660942936579337
148,1,PFC,-2.0874628412503395,0.0002196196631185593
148,0,ORB,-2.0874628412503395,0.0002196196631185593
148,1,MO,-2.0874628412503395,0.0002196196631185593
148,1,SS,-2.0874628412503395,0.0002196196631185593
148,0,ACA,-2.0874628412503395,0.0002196196631185593
148,0,PTL,-2.0874628412503395,0.0002196196631185593
148,1,VIS,-2.0874628412503395,0.0002196196631185593
148,1,RSC,-2.0874628412503395,0.0002196196631185593
149,1,PFC,-3.0874628412503395,3.846033587858277e-06
149,0,ORB,-3.0874628412503395,3.846033587858277e-06
149,1,MO,-3.0874628412503395,3.846033587858277e-06
149,0,SS,-3.0874628412503395,3.846033587858277e-06
149,1,ACA,-3.0874628412503395,3.846033587858277e-06
149,1,PTL,-3.0874628412503395,3.846033587858277e-06
149,0,VIS,-3.0874628412503395,3.846033587858277e-06
149,1,RSC,-3.0874628412503395,3.846033587858277e-06
150,1,PFC,-1.2801079191927354,0.008018425284246268
150,0,ORB,-1.2801079191927354,0.008018425284246268
150,1,MO,-1.2801079191927354,0.008018425284246268
150,0,SS,-1.2801079191927354,0.008018425284246268
150,1,ACA,-1.2801079191927354,0.008018425284246268
150,0,PTL,-1.2801079191927354,0.008018425284246268
150,1,VIS,-1.2801079191927354,0.008018425284246268
150,1,RSC,-1.2801079191927354,0.008018425284246268
151,1,PFC,-2.502500340529183,2.721203105122538e-05
151,0,ORB,-2.502500340529183,2.721203105122538e-05
151,1,MO,-2.502500340529183,2.721203105122538e-05
151,0,SS,-2.502500340529183,2.721203105122538e-05
151,0,ACA,-2.502500340529183,2.721203105122538e-05
151,1,PTL,-2.502500340529183,2.721203105122538e-05
151,1,VIS,-2.502500340529183,2.721203105122538e-05
151,1,RSC,-2.502500340529183,2.721203105122538e-05
152,1,PFC,-2.0874628412503395,0.0002196196631185593
152,0,ORB,-2.0874628412503395,0.0002196196631185593
152,0,MO,-2.0874628412503395,0.0002196196631185593
152,1,SS,-2.0874628412503395,0.0002196196631185593
152,1,ACA,-2.0874628412503395,0.0002196196631185593
152,1,PTL,-2.0874628412503395,0.0002196196631185593
152,1,VIS,-2.0874628412503395,0.0002196196631185593
152,0,RSC,-2.0874628412503395,0.0002196196631185593
153,1,PFC,-2.0874628412503395,0.0002196196631185593
153,0,ORB,-2.0874628412503395,0.0002196196631185593
153,0,MO,-2.0874628412503395,0.0002196196631185593
153,1,SS,-2.0874628412503395,0.0002196196631185593
153,1,ACA,-2.0874628412503395,0.0002196196631185593
153,0,PTL,-2.0874628412503395,0.0002196196631185593
153,1,VIS,-2.0874628412503395,0.0002196196631185593
153,1,RSC,-2.0874628412503395,0.0002196196631185593
154,1,PFC,-0.38702312310924736,0.3801359294956754
154,0,ORB,-0.38702312310924736,0.3801359294956754
154,0,MO,-0.38702312310924736,0.3801359294956754
154,1,SS,-0.38702312310924736,0.3801359294956754
154,0,ACA,-0.38702312310924736,0.3801359294956754
154,1,PTL,-0.38702312310924736,0.3801359294956754
154,1,VIS,-0.38702312310924736,0.3801359294956754
154,1,RSC,-0.38702312310924736,0.3801359294956754
155,1,PFC,-1.5025003405291832,0.0024740848625403834
155,0,ORB,-1.5025003405291832,0.0024740848625403834
155,0,MO,-1.5025003405291832,0.0024740848625403834
155,0,SS,-1.5025003405291832,0.0024740848625403834
155,1,ACA,-1.5025003405291832,0.0024740848625403834
155,1,PTL,-1.5025003405291832,0.0024740848625403834
155,1,VIS,-1.5025003405291832,0.0024740848625403834
155,1,RSC,-1.5025003405291832,0.0024740848625403834
156,0,PFC,-2.502500340529183,2.721203105122538e-05
156,1,ORB,-2.502500340529183,2.721203105122538e-05
156,1,MO,-2.502500340529183,2.721203105122538e-05
156,1,SS,-2.502500340529183,2.721203105122538e-05
156,1,ACA,-2.502500340529183,2.721203105122538e-05
156,1,PTL,-2.502500340529183,2.721203105122538e-05
156,0,VIS,-2.502500340529183,2.721203105122538e-05
156,0,RSC,-2.502500340529183,2.721203105122538e-05
157,0,PFC,-2.0874628412503395,0.0002196196631185593
157,1,ORB,-2.0874628412503395,0.0002196196631185593
157,1,MO,-2.0874628412503395,0.0002196196631185593
157,1,SS,-2.0874628412503395,0.0002196196631185593
157,1,ACA,-2.0874628412503395,0.0002196196631185593
157,0,PTL,-2.0874628412503395,0.0002196196631185593
157,1,VIS,-2.0874628412503395,0.0002196196631185593
157,0,RSC,-2.0874628412503395,0.0002196196631185593
158,0,PFC,0.37196877738695794,0.20899095536120604
158,1,ORB,0.37196877738695794,0.20899095536120604
158,1,MO,0.37196877738695794,0.20899095536120604
158,1,SS,0.37196877738695794,0.20899095536120604
158,0,ACA,0.37196877738695794,0.20899095536120604
158,1,PTL,0.37196877738695794,0.20899095536120604
158,1,VIS,0.37196877738695794,0.20899095536120604
158,0,RSC,0.37196877738695794,0.20899095536120604
159,0,PFC,-3.0874628412503395,3.846033587858277e-06
159,1,ORB,-3.0874628412503395,3.846033587858277e-06
159,1,MO,-3.0874628412503395,3.846033587858277e-06
159,1,SS,-3.0874628412503395,3.846033587858277e-06
159,0,ACA,-3.0874628412503395,3.846033587858277e-06
159,1,PTL,-3.0874628412503395,3.846033587858277e-06
159,0,VIS,-3.0874628412503395,3.846033587858277e-06
159,1,RSC,-3.0874628412503395,3.846033587858277e-06
160,0,PFC,-0.08746284125033943,0.9006098193202802
160,1,ORB,-0.08746284125033943,0.9006098193202802
160,1,MO,-0.08746284125033943,0.9006098193202802
160,1,SS,-0.08746284125033943,0.9006098193202802
160,0,ACA,-0.08746284125033943,0.9006098193202802
160,0,PTL,-0.08746284125033943,0.9006098193202802
160,1,VIS,-0.08746284125033943,0.9006098193202802
160,1,RSC,-0.08746284125033943,0.9006098193202802
161,0,PFC,-3.0874628412503395,3.846033587858277e-06
161,1,ORB,-3.0874628412503395,3.846033587858277e-06
161,1,MO,-3.0874628412503395,3.846033587858277e-06
161,0,SS,-3.0874628412503395,3.846033587858277e-06
161,1,ACA,-3.0874628412503395,3.846033587858277e-06
161,1,PTL,-3.0874628412503395,3.846033587858277e-06
161,1,VIS,-3.0874628412503395,3.846033587858277e-06
161,0,RSC,-3.0874628412503395,3.846033587858277e-06
162,0,PFC,-3.0874628412503395,3.846033587858277e-06
162,1,ORB,-3.0874628412503395,3.846033587858277e-06
162,1,MO,-3.0874628412503395,3.846033587858277e-06
162,0,SS,-3.0874628412503395,3.846033587858277e-06
162,1,ACA,-3.0874628412503395,3.846033587858277e-06
162,1,PTL,-3.0874628412503395,3.846033587858277e-06
162,0,VIS,-3.0874628412503395,3.846033587858277e-06
162,1,RSC,-3.0874628412503395,3.846033587858277e-06
163,0,PFC,-3.0874628412503395,3.846033587858277e-06
163,1,ORB,-3.0874628412503395,3.846033587858277e-06
163,1,MO,-3.0874628412503395,3.846033587858277e-06
163,0,SS,-3.0874628412503395,3.846033587858277e-06
163,1,ACA,-3.0874628412503395,3.846033587858277e-06
163,0,PTL,-3.0874628412503395,3.846033587858277e-06
163,1,VIS,-3.0874628412503395,3.846033587858277e-06
163,1,RSC,-3.0874628412503395,3.846033587858277e-06
164,0,PFC,-0.08746284125033943,0.9006098193202802
164,1,ORB,-0.08746284125033943,0.9006098193202802
164,1,MO,-0.08746284125033943,0.9006098193202802
164,0,SS,-0.08746284125033943,0.9006098193202802
164,0,ACA,-0.08746284125033943,0.9006098193202802
164,1,PTL,-0.08746284125033943,0.9006098193202802
164,1,VIS,-0.08746284125033943,0.9006098193202802
164,1,RSC,-0.08746284125033943,0.9006098193202802
165,0,PFC,-1.5025003405291832,0.0024740848625403834
165,1,ORB,-1.5025003405291832,0.0024740848625403834
165,0,MO,-1.5025003405291832,0.0024740848625403834
165,1,SS,-1.5025003405291832,0.0024740848625403834
165,1,ACA,-1.5025003405291832,0.0024740848625403834
165,1,PTL,-1.5025003405291832,0.0024740848625403834
165,1,VIS,-1.5025003405291832,0.0024740848625403834
165,0,RSC,-1.5025003405291832,0.0024740848625403834
166,0,PFC,-3.0874628412503395,3.846033587858277e-06
166,1,ORB,-3.0874628412503395,3.846033587858277e-06
166,0,MO,-3.0874628412503395,3.846033587858277e-06
166,1,SS,-3.0874628412503395,3.846033587858277e-06
166,1,ACA,-3.0874628412503395,3.846033587858277e-06
166,0,PTL,-3.0874628412503395,3.846033587858277e-06
166,1,VIS,-3.0874628412503395,3.846033587858277e-06
166,1,RSC,-3.0874628412503395,3.846033587858277e-06
167,0,PFC,1.7454271729144022,5.2751731591472724e-15
167,1,ORB,1.7454271729144022,5.2751731591472724e-15
167,0,MO,1.7454271729144022,5.2751731591472724e-15
167,1,SS,1.7454271729144022,5.2751731591472724e-15
167,0,ACA,1.7454271729144022,5.2751731591472724e-15
167,1,PTL,1.7454271729144022,5.2751731591472724e-15
167,1,VIS,1.7454271729144022,5.2751731591472724e-15
167,1,RSC,1.7454271729144022,5.2751731591472724e-15
168,0,PFC,-2.0874628412503395,0.0002196196631185593
168,1,ORB,-2.0874628412503395,0.0002196196631185593
168,0,MO,-2.0874628412503395,0.0002196196631185593
168,0,SS,-2.0874628412503395,0.0002196196631185593
168,1,ACA,-2.0874628412503395,0.0002196196631185593
168,1,PTL,-2.0874628412503395,0.0002196196631185593
168,1,VIS,-2.0874628412503395,0.0002196196631185593
168,1,RSC,-2.0874628412503395,0.0002196196631185593
169,0,PFC,-1.5025003405291832,0.0024740848625403834
169,0,ORB,-1.5025003405291832,0.0024740848625403834
169,1,MO,-1.5025003405291832,0.0024740848625403834
169,1,SS,-1.5025003405291832,0.0024740848625403834
169,1,ACA,-1.5025003405291832,0.0024740848625403834
169,1,PTL,-1.5025003405291832,0.0024740848625403834
169,1,VIS,-1.5025003405291832,0.0024740848625403834
169,0,RSC,-1.5025003405291832,0.0024740848625403834
170,0,PFC,-0.765534746362977,0.07946806588387198
170,0,ORB,-0.765534746362977,0.07946806588387198
170,1,MO,-0.765534746362977,0.07946806588387198
170,1,SS,-0.765534746362977,0.07946806588387198
170,1,ACA,-0.765534746362977,0.07946806588387198
170,0,PTL,-0.765534746362977,0.07946806588387198
170,1,VIS,-0.765534746362977,0.07946806588387198
170,1,RSC,-0.765534746362977,0.07946806588387198
171,0,PFC,3.4594316186372973,7.75681786614354e-128
171,0,ORB,3.4594316186372973,7.75681786614354e-128
171,1,MO,3.4594316186372973,7.75681786614354e-128
171,1,SS,3.4594316186372973,7.75681786614354e-128
171,0,ACA,3.4594316186372973,7.75681786614354e-128
171,1,PTL,3.4594316186372973,7.75681786614354e-128
171,1,VIS,3.4594316186372973,7.75681786614354e-128
171,1,RSC,3.4594316186372973,7.75681786614354e-128
172,0,PFC,-0.38702312310924736,0.3801359294956754
172,0,ORB,-0.38702312310924736,0.3801359294956754
172,1,MO,-0.38702312310924736,0.3801359294956754
172,0,SS,-0.38702312310924736,0.3801359294956754
172,1,ACA,-0.38702312310924736,0.3801359294956754
172,1,PTL,-0.38702312310924736,0.3801359294956754
172,1,VIS,-0.38702312310924736,0.3801359294956754
172,1,RSC,-0.38702312310924736,0.3801359294956754
173,0,PFC,0.0,1.0
173,0,ORB,0.0,1.0
173,0,MO,0.0,1.0
173,1,SS,0.0,1.0
173,1,ACA,0.0,1.0
173,1,PTL,0.0,1.0
173,1,VIS,0.0,1.0
173,1,RSC,0.0,1.0
174,1,PFC,-1.0995356735509143,0.024016132346477828
174,1,ORB,-1.0995356735509143,0.024016132346477828
174,1,MO,-1.0995356735509143,0.024016132346477828
174,1,SS,-1.0995356735509143,0.024016132346477828
174,1,ACA,-1.0995356735509143,0.024016132346477828
174,1,PTL,-1.0995356735509143,0.024016132346477828
174,0,VIS,-1.0995356735509143,0.024016132346477828
174,0,RSC,-1.0995356735509143,0.024016132346477828
175,1,PFC,1.2630344058337937,4.089828290632768e-06
175,1,ORB,1.2630344058337937,4.089828290632768e-06
175,1,MO,1.2630344058337937,4.089828290632768e-06
175,1,SS,1.2630344058337937,4.089828290632768e-06
175,1,ACA,1.2630344058337937,4.089828290632768e-06
175,0,PTL,1.2630344058337937,4.089828290632768e-06
175,1,VIS,1.2630344058337937,4.089828290632768e-06
175,0,RSC,1.2630344058337937,4.089828290632768e-06
176,1,PFC,-0.9068905956085186,0.04737918056158066
176,1,ORB,-0.9068905956085186,0.04737918056158066
176,1,MO,-0.9068905956085186,0.04737918056158066
176,1,SS,-0.9068905956085186,0.04737918056158066
176,1,ACA,-0.9068905956085186,0.04737918056158066
176,0,PTL,-0.9068905956085186,0.04737918056158066
176,0,VIS,-0.9068905956085186,0.04737918056158066
176,1,RSC,-0.9068905956085186,0.04737918056158066
177,1,PFC,0.8479969065549501,0.005340792581323132
177,1,ORB,0.8479969065549501,0.005340792581323132
177,1,MO,0.8479969065549501,0.005340792581323132
177,1,SS,0.8479969065549501,0.005340792581323132
177,0,ACA,0.8479969065549501,0.005340792581323132
177,1,PTL,0.8479969065549501,0.005340792581323132
177,1,VIS,0.8479969065549501,0.005340792581323132
177,0,RSC,0.8479969065549501,0.005340792581323132
178,1,PFC,-2.321928094887362,0.00010758778731663433
178,1,ORB,-2.321928094887362,0.00010758778731663433
178,1,MO,-2.321928094887362,0.00010758778731663433
178,1,SS,-2.321928094887362,0.00010758778731663433
178,0,ACA,-2.321928094887362,0.00010758778731663433
178,1,PTL,-2.321928094887362,0.00010758778731663433
178,0,VIS,-2.321928094887362,0.00010758778731663433
178,1,RSC,-2.321928094887362,0.00010758778731663433
179,1,PFC,0.41503749927884376,0.23496433032638364
179,1,ORB,0.41503749927884376,0.23496433032638364
179,1,MO,0.41503749927884376,0.23496433032638364
179,1,SS,0.41503749927884376,0.23496433032638364
179,0,ACA,0.41503749927884376,0.23496433032638364
179,0,PTL,0.41503749927884376,0.23496433032638364
179,1,VIS,0.41503749927884376,0.23496433032638364
179,1,RSC,0.41503749927884376,0.23496433032638364
180,1,PFC,-2.321928094887362,0.00010758778731663433
180,1,ORB,-2.321928094887362,0.00010758778731663433
180,1,MO,-2.321928094887362,0.00010758778731663433
180,0,SS,-2.321928094887362,0.00010758778731663433
180,1,ACA,-2.321928094887362,0.00010758778731663433
180,1,PTL,-2.321928094887362,0.00010758778731663433
180,1,VIS,-2.321928094887362,0.00010758778731663433
180,0,RSC,-2.321928094887362,0.00010758778731663433
181,1,PFC,-2.9068905956085187,1.6312742113613514e-05
181,1,ORB,-2.9068905956085187,1.6312742113613514e-05
181,1,MO,-2.9068905956085187,1.6312742113613514e-05
181,0,SS,-2.9068905956085187,1.6312742113613514e-05
181,1,ACA,-2.9068905956085187,1.6312742113613514e-05
181,1,PTL,-2.9068905956085187,1.6312742113613514e-05
181,0,VIS,-2.9068905956085187,1.6312742113613514e-05
181,1,RSC,-2.9068905956085187,1.6312742113613514e-05
182,1,PFC,-0.5849625007211563,0.18617702355508653
182,1,ORB,-0.5849625007211563,0.18617702355508653
182,1,MO,-0.5849625007211563,0.18617702355508653
182,0,SS,-0.5849625007211563,0.18617702355508653
182,1,ACA,-0.5849625007211563,0.18617702355508653
182,0,PTL,-0.5849625007211563,0.18617702355508653
182,1,VIS,-0.5849625007211563,0.18617702355508653
182,1,RSC,-0.5849625007211563,0.18617702355508653
183,1,PFC,-1.0995356735509143,0.024016132346477828
183,1,ORB,-1.0995356735509143,0.024016132346477828
183,1,MO,-1.0995356735509143,0.024016132346477828
183,0,SS,-1.0995356735509143,0.024016132346477828
183,0,ACA,-1.0995356735509143,0.024016132346477828
183,1,PTL,-1.0995356735509143,0.024016132346477828
183,1,VIS,-1.0995356735509143,0.024016132346477828
183,1,RSC,-1.0995356735509143,0.024016132346477828
184,1,PFC,-0.20645087746742632,0.5993470109960464
184,1,ORB,-0.20645087746742632,0.5993470109960464
184,0,MO,-0.20645087746742632,0.5993470109960464
184,1,SS,-0.20645087746742632,0.5993470109960464
184,1,ACA,-0.20645087746742632,0.5993470109960464
184,1,PTL,-0.20645087746742632,0.5993470109960464
184,1,VIS,-0.20645087746742632,0.5993470109960464
184,0,RSC,-0.20645087746742632,0.5993470109960464
185,1,PFC,-2.321928094887362,0.00010758778731663433
185,1,ORB,-2.321928094887362,0.00010758778731663433
185,0,MO,-2.321928094887362,0.00010758778731663433
185,1,SS,-2.321928094887362,0.00010758778731663433
185,1,ACA,-2.321928094887362,0.00010758778731663433
185,0,PTL,-2.321928094887362,0.00010758778731663433
185,1,VIS,-2.321928094887362,0.00010758778731663433
185,1,RSC,-2.321928094887362,0.00010758778731663433
186,1,PFC,0.9004643264490856,0.003346694914666044
186,1,ORB,0.9004643264490856,0.003346694914666044
186,0,MO,0.9004643264490856,0.003346694914666044
186,1,SS,0.9004643264490856,0.003346694914666044
186,0,ACA,0.9004643264490856,0.003346694914666044
186,1,PTL,0.9004643264490856,0.003346694914666044
186,1,VIS,0.9004643264490856,0.003346694914666044
186,1,RSC,0.9004643264490856,0.003346694914666044
187,1,PFC,-1.0995356735509143,0.024016132346477828
187,1,ORB,-1.0995356735509143,0.024016132346477828
187,0,MO,-1.0995356735509143,0.024016132346477828
187,0,SS,-1.0995356735509143,0.024016132346477828
187,1,ACA,-1.0995356735509143,0.024016132346477828
187,1,PTL,-1.0995356735509143,0.024016132346477828
187,1,VIS,-1.0995356735509143,0.024016132346477828
187,1,RSC,-1.0995356735509143,0.024016132346477828
188,1,PFC,0.6166713604484945,0.06353525529115277
188,0,ORB,0.6166713604484945,0.06353525529115277
188,1,MO,0.6166713604484945,0.06353525529115277
188,1,SS,0.6166713604484945,0.06353525529115277
188,1,ACA,0.6166713604484945,0.06353525529115277
188,1,PTL,0.6166713604484945,0.06353525529115277
188,1,VIS,0.6166713604484945,0.06353525529115277
188,0,RSC,0.6166713604484945,0.06353525529115277
189,1,PFC,-2.321928094887362,0.00010758778731663433
189,0,ORB,-2.321928094887362,0.00010758778731663433
189,1,MO,-2.321928094887362,0.00010758778731663433
189,1,SS,-2.321928094887362,0.00010758778731663433
189,1,ACA,-2.321928094887362,0.00010758778731663433
189,1,PTL,-2.321928094887362,0.00010758778731663433
189,0,VIS,-2.321928094887362,0.00010758778731663433
189,1,RSC,-2.321928094887362,0.00010758778731663433
190,1,PFC,-0.3219280948873623,0.4298168400099269
190,0,ORB,-0.3219280948873623,0.4298168400099269
190,1,MO,-0.3219280948873623,0.4298168400099269
190,1,SS,-0.3219280948873623,0.4298168400099269
190,1,ACA,-0.3219280948873623,0.4298168400099269
190,0,PTL,-0.3219280948873623,0.4298168400099269
190,1,VIS,-0.3219280948873623,0.4298168400099269
190,1,RSC,-0.3219280948873623,0.4298168400099269
191,1,PFC,1.1805722456418208,2.8728004842948833e-05
191,0,ORB,1.1805722456418208,2.8728004842948833e-05
191,1,MO,1.1805722456418208,2.8728004842948833e-05
191,1,SS,1.1805722456418208,2.8728004842948833e-05
191,0,ACA,1.1805722456418208,2.8728004842948833e-05
191,1,PTL,1.1805722456418208,2.8728004842948833e-05
191,1,VIS,1.1805722456418208,2.8728004842948833e-05
191,1,RSC,1.1805722456418208,2.8728004842948833e-05
192,1,PFC,-1.3219280948873622,0.007948492311119515
192,0,ORB,-1.3219280948873622,0.007948492311119515
192,1,MO,-1.3219280948873622,0.007948492311119515
192,0,SS,-1.3219280948873622,0.007948492311119515
192,1,ACA,-1.3219280948873622,0.007948492311119515
192,1,PTL,-1.3219280948873622,0.007948492311119515
192,1,VIS,-1.3219280948873622,0.007948492311119515
192,1,RSC,-1.3219280948873622,0.007948492311119515
193,1,PFC,-1.3219280948873622,0.007948492311119515
193,0,ORB,-1.3219280948873622,0.007948492311119515
193,0,MO,-1.3219280948873622,0.007948492311119515
193,1,SS,-1.3219280948873622,0.007948492311119515
193,1,ACA,-1.3219280948873622,0.007948492311119515
193,1,PTL,-1.3219280948873622,0.007948492311119515
193,1,VIS,-1.3219280948873622,0.007948492311119515
193,1,RSC,-1.3219280948873622,0.007948492311119515
194,0,PFC,-0.9068905956085186,0.04737918056158066
194,1,ORB,-0.9068905956085186,0.04737918056158066
194,1,MO,-0.9068905956085186,0.04737918056158066
194,1,SS,-0.9068905956085186,0.04737918056158066
194,1,ACA,-0.9068905956085186,0.04737918056158066
194,1,PTL,-0.9068905956085186,0.04737918056158066
194,1,VIS,-0.9068905956085186,0.04737918056158066
194,0,RSC,-0.9068905956085186,0.04737918056158066
195,0,PFC,-1.3219280948873622,0.007948492311119515
195,1,ORB,-1.3219280948873622,0.007948492311119515
195,1,MO,-1.3219280948873622,0.007948492311119515
195,1,SS,-1.3219280948873622,0.007948492311119515
195,1,ACA,-1.3219280948873622,0.007948492311119515
195,0,PTL,-1.3219280948873622,0.007948492311119515
195,1,VIS,-1.3219280948873622,0.007948492311119515
195,1,RSC,-1.3219280948873622,0.007948492311119515
196,0,PFC,2.2829339632714984,3.425688864182619e-27
196,1,ORB,2.2829339632714984,3.425688864182619e-27
196,1,MO,2.2829339632714984,3.425688864182619e-27
196,1,SS,2.2829339632714984,3.425688864182619e-27
196,0,ACA,2.2829339632714984,3.425688864182619e-27
196,1,PTL,2.2829339632714984,3.425688864182619e-27
196,1,VIS,2.2829339632714984,3.425688864182619e-27
196,1,RSC,2.2829339632714984,3.425688864182619e-27
197,0,PFC,-0.20645087746742632,0.5993470109960464
197,1,ORB,-0.20645087746742632,0.5993470109960464
197,1,MO,-0.20645087746742632,0.5993470109960464
197,0,SS,-0.20645087746742632,0.5993470109960464
197,1,ACA,-0.20645087746742632,0.5993470109960464
197,1,PTL,-0.20645087746742632,0.5993470109960464
197,1,VIS,-0.20645087746742632,0.5993470109960464
197,1,RSC,-0.20645087746742632,0.5993470109960464
198,0,PFC,-1.3219280948873622,0.007948492311119515
198,1,ORB,-1.3219280948873622,0.007948492311119515
198,0,MO,-1.3219280948873622,0.007948492311119515
198,1,SS,-1.3219280948873622,0.007948492311119515
198,1,ACA,-1.3219280948873622,0.007948492311119515
198,1,PTL,-1.3219280948873622,0.007948492311119515
198,1,VIS,-1.3219280948873622,0.007948492311119515
198,1,RSC,-1.3219280948873622,0.007948492311119515
199,0,PFC,3.0931094043914813,1.9254578780258412e-73
199,0,ORB,3.0931094043914813,1.9254578780258412e-73
199,1,MO,3.0931094043914813,1.9254578780258412e-73
199,1,SS,3.0931094043914813,1.9254578780258412e-73
199,1,ACA,3.0931094043914813,1.9254578780258412e-73
199,1,PTL,3.0931094043914813,1.9254578780258412e-73
199,1,VIS,3.0931094043914813,1.9254578780258412e-73
199,1,RSC,3.0931094043914813,1.9254578780258412e-73
200,1,PFC,1.1468413883292712,7.336117696373938e-05
200,1,ORB,1.1468413883292712,7.336117696373938e-05
200,1,MO,1.1468413883292712,7.336117696373938e-05
200,1,SS,1.1468413883292712,7.336117696373938e-05
200,1,ACA,1.1468413883292712,7.336117696373938e-05
200,1,PTL,1.1468413883292712,7.336117696373938e-05
200,1,VIS,1.1468413883292712,7.336117696373938e-05
200,0,RSC,1.1468413883292712,7.336117696373938e-05
201,1,PFC,-1.0,0.05133230229509776
201,1,ORB,-1.0,0.05133230229509776
201,1,MO,-1.0,0.05133230229509776
201,1,SS,-1.0,0.05133230229509776
201,1,ACA,-1.0,0.05133230229509776
201,1,PTL,-1.0,0.05133230229509776
201,0,VIS,-1.0,0.05133230229509776
201,1,RSC,-1.0,0.05133230229509776
202,1,PFC,0.36257007938470837,0.269070920133971
202,1,ORB,0.36257007938470837,0.269070920133971
202,1,MO,0.36257007938470837,0.269070920133971
202,1,SS,0.36257007938470837,0.269070920133971
202,1,ACA,0.36257007938470837,0.269070920133971
202,0,PTL,0.36257007938470837,0.269070920133971
202,1,VIS,0.36257007938470837,0.269070920133971
202,1,RSC,0.36257007938470837,0.269070920133971
203,1,PFC,1.9740047914670553,2.725051889864919e-17
203,1,ORB,1.9740047914670553,2.725051889864919e-17
203,1,MO,1.9740047914670553,2.725051889864919e-17
203,1,SS,1.9740047914670553,2.725051889864919e-17
203,0,ACA,1.9740047914670553,2.725051889864919e-17
203,1,PTL,1.9740047914670553,2.725051889864919e-17
203,1,VIS,1.9740047914670553,2.725051889864919e-17
203,1,RSC,1.9740047914670553,2.725051889864919e-17
204,1,PFC,0.5145731728297582,0.1259608412558006
204,1,ORB,0.5145731728297582,0.1259608412558006
204,1,MO,0.5145731728297582,0.1259608412558006
204,0,SS,0.5145731728297582,0.1259608412558006
204,1,ACA,0.5145731728297582,0.1259608412558006
204,1,PTL,0.5145731728297582,0.1259608412558006
204,1,VIS,0.5145731728297582,0.1259608412558006
204,1,RSC,0.5145731728297582,0.1259608412558006
205,1,PFC,-0.4854268271702417,0.33134643570238165
205,1,ORB,-0.4854268271702417,0.33134643570238165
205,0,MO,-0.4854268271702417,0.33134643570238165
205,1,SS,-0.4854268271702417,0.33134643570238165
205,1,ACA,-0.4854268271702417,0.33134643570238165
205,1,PTL,-0.4854268271702417,0.33134643570238165
205,1,VIS,-0.4854268271702417,0.33134643570238165
205,1,RSC,-0.4854268271702417,0.33134643570238165
206,1,PFC,2.567684509289321,1.972301277873453e-37
206,0,ORB,2.567684509289321,1.972301277873453e-37
206,1,MO,2.567684509289321,1.972301277873453e-37
206,1,SS,2.567684509289321,1.972301277873453e-37
206,1,ACA,2.567684509289321,1.972301277873453e-37
206,1,PTL,2.567684509289321,1.972301277873453e-37
206,1,VIS,2.567684509289321,1.972301277873453e-37
206,1,RSC,2.567684509289321,1.972301277873453e-37
207,0,PFC,1.618909832644494,1.942006198858823e-10
207,1,ORB,1.618909832644494,1.942006198858823e-10
207,1,MO,1.618909832644494,1.942006198858823e-10
207,1,SS,1.618909832644494,1.942006198858823e-10
207,1,ACA,1.618909832644494,1.942006198858823e-10
207,1,PTL,1.618909832644494,1.942006198858823e-10
207,1,VIS,1.618909832644494,1.942006198858823e-10
207,1,RSC,1.618909832644494,1.942006198858823e-10
208,1,PFC,3.34577483684173,6.094259503172605e-77
208,1,ORB,3.34577483684173,6.094259503172605e-77
208,1,MO,3.34577483684173,6.094259503172605e-77
208,1,SS,3.34577483684173,6.094259503172605e-77
208,1,ACA,3.34577483684173,6.094259503172605e-77
208,1,PTL,3.34577483684173,6.094259503172605e-77
208,1,VIS,3.34577483684173,6.094259503172605e-77
208,1,RSC,3.34577483684173,6.094259503172605e-77
